event_date,market,venue_id,venue,section,tickets_sold,revenue,avg_price,section_capacity,utilization,avg_temp_c,min_temp_c,max_temp_c,avg_rh_pct,avg_wind_mps,total_precip_mm,windy_hours,rainy_hours,freezing_hours,hours_observed
2025-01-01,Boston,BOS_01,PWHL Boston Arena,Club,763,56145.0,74.72602739726027,1166,0.6543739279588336,6.72,3.5,9.6,90.96,15.88,14.5,20,17,0,24
2025-01-01,Boston,BOS_01,PWHL Boston Arena,Lower Bowl,1838,144025.0,77.09796672828097,2721,0.6754869533259831,6.72,3.5,9.6,90.96,15.88,14.5,20,17,0,24
2025-01-01,Boston,BOS_01,PWHL Boston Arena,Standing Room,241,19705.0,81.98529411764706,388,0.6211340206185567,6.72,3.5,9.6,90.96,15.88,14.5,20,17,0,24
2025-01-01,Boston,BOS_01,PWHL Boston Arena,Suite,482,40780.0,81.88888888888889,777,0.6203346203346203,6.72,3.5,9.6,90.96,15.88,14.5,20,17,0,24
2025-01-01,Boston,BOS_01,PWHL Boston Arena,Upper Bowl,1833,137405.0,74.79166666666667,2721,0.6736493936052922,6.72,3.5,9.6,90.96,15.88,14.5,20,17,0,24
2025-01-01,Chicago,CHI_01,PWHL Chicago Arena,Club,763,56145.0,74.72602739726027,1166,0.6543739279588336,-1.67,-3.4,0.4,68.79,18.49,0.1,24,1,22,24
2025-01-01,Chicago,CHI_01,PWHL Chicago Arena,Lower Bowl,1838,144025.0,77.09796672828097,2721,0.6754869533259831,-1.67,-3.4,0.4,68.79,18.49,0.1,24,1,22,24
2025-01-01,Chicago,CHI_01,PWHL Chicago Arena,Standing Room,241,19705.0,81.98529411764706,388,0.6211340206185567,-1.67,-3.4,0.4,68.79,18.49,0.1,24,1,22,24
2025-01-01,Chicago,CHI_01,PWHL Chicago Arena,Suite,482,40780.0,81.88888888888889,777,0.6203346203346203,-1.67,-3.4,0.4,68.79,18.49,0.1,24,1,22,24
2025-01-01,Chicago,CHI_01,PWHL Chicago Arena,Upper Bowl,1833,137405.0,74.79166666666667,2721,0.6736493936052922,-1.67,-3.4,0.4,68.79,18.49,0.1,24,1,22,24
2025-01-01,Minneapolis,MSP_01,PWHL Minnesota Arena,Club,763,56145.0,74.72602739726027,1166,0.6543739279588336,-6.22,-7.3,-4.9,58.25,16.33,0.0,24,0,24,24
2025-01-01,Minneapolis,MSP_01,PWHL Minnesota Arena,Lower Bowl,1838,144025.0,77.09796672828097,2721,0.6754869533259831,-6.22,-7.3,-4.9,58.25,16.33,0.0,24,0,24,24
2025-01-01,Minneapolis,MSP_01,PWHL Minnesota Arena,Standing Room,241,19705.0,81.98529411764706,388,0.6211340206185567,-6.22,-7.3,-4.9,58.25,16.33,0.0,24,0,24,24
2025-01-01,Minneapolis,MSP_01,PWHL Minnesota Arena,Suite,482,40780.0,81.88888888888889,777,0.6203346203346203,-6.22,-7.3,-4.9,58.25,16.33,0.0,24,0,24,24
2025-01-01,Minneapolis,MSP_01,PWHL Minnesota Arena,Upper Bowl,1833,137405.0,74.79166666666667,2721,0.6736493936052922,-6.22,-7.3,-4.9,58.25,16.33,0.0,24,0,24,24
2025-01-01,Montreal,MTL_01,PWHL Montreal Arena,Club,763,56145.0,74.72602739726027,1166,0.6543739279588336,0.46,-0.3,1.2,95.96,11.08,4.8,20,10,3,24
2025-01-01,Montreal,MTL_01,PWHL Montreal Arena,Lower Bowl,1838,144025.0,77.09796672828097,2721,0.6754869533259831,0.46,-0.3,1.2,95.96,11.08,4.8,20,10,3,24
2025-01-01,Montreal,MTL_01,PWHL Montreal Arena,Standing Room,241,19705.0,81.98529411764706,388,0.6211340206185567,0.46,-0.3,1.2,95.96,11.08,4.8,20,10,3,24
2025-01-01,Montreal,MTL_01,PWHL Montreal Arena,Suite,482,40780.0,81.88888888888889,777,0.6203346203346203,0.46,-0.3,1.2,95.96,11.08,4.8,20,10,3,24
2025-01-01,Montreal,MTL_01,PWHL Montreal Arena,Upper Bowl,1833,137405.0,74.79166666666667,2721,0.6736493936052922,0.46,-0.3,1.2,95.96,11.08,4.8,20,10,3,24
2025-01-01,New York,NYC_01,PWHL New York Arena,Club,763,56145.0,74.72602739726027,1166,0.6543739279588336,7.09,3.2,10.8,79.25,15.65,1.1,23,3,0,24
2025-01-01,New York,NYC_01,PWHL New York Arena,Lower Bowl,1838,144025.0,77.09796672828097,2721,0.6754869533259831,7.09,3.2,10.8,79.25,15.65,1.1,23,3,0,24
2025-01-01,New York,NYC_01,PWHL New York Arena,Standing Room,241,19705.0,81.98529411764706,388,0.6211340206185567,7.09,3.2,10.8,79.25,15.65,1.1,23,3,0,24
2025-01-01,New York,NYC_01,PWHL New York Arena,Suite,482,40780.0,81.88888888888889,777,0.6203346203346203,7.09,3.2,10.8,79.25,15.65,1.1,23,3,0,24
2025-01-01,New York,NYC_01,PWHL New York Arena,Upper Bowl,1833,137405.0,74.79166666666667,2721,0.6736493936052922,7.09,3.2,10.8,79.25,15.65,1.1,23,3,0,24
2025-01-01,Ottawa,OTT_01,PWHL Ottawa Arena,Club,763,56145.0,74.72602739726027,1166,0.6543739279588336,0.78,-0.8,1.6,92.54,13.28,6.9,19,16,3,24
2025-01-01,Ottawa,OTT_01,PWHL Ottawa Arena,Lower Bowl,1838,144025.0,77.09796672828097,2721,0.6754869533259831,0.78,-0.8,1.6,92.54,13.28,6.9,19,16,3,24
2025-01-01,Ottawa,OTT_01,PWHL Ottawa Arena,Standing Room,241,19705.0,81.98529411764706,388,0.6211340206185567,0.78,-0.8,1.6,92.54,13.28,6.9,19,16,3,24
2025-01-01,Ottawa,OTT_01,PWHL Ottawa Arena,Suite,482,40780.0,81.88888888888889,777,0.6203346203346203,0.78,-0.8,1.6,92.54,13.28,6.9,19,16,3,24
2025-01-01,Ottawa,OTT_01,PWHL Ottawa Arena,Upper Bowl,1833,137405.0,74.79166666666667,2721,0.6736493936052922,0.78,-0.8,1.6,92.54,13.28,6.9,19,16,3,24
2025-01-01,Toronto,TOR_01,PWHL Toronto Arena,Club,763,56145.0,74.72602739726027,1166,0.6543739279588336,1.9,-0.4,3.0,82.5,18.87,1.9,24,10,2,24
2025-01-01,Toronto,TOR_01,PWHL Toronto Arena,Lower Bowl,1838,144025.0,77.09796672828097,2721,0.6754869533259831,1.9,-0.4,3.0,82.5,18.87,1.9,24,10,2,24
2025-01-01,Toronto,TOR_01,PWHL Toronto Arena,Standing Room,241,19705.0,81.98529411764706,388,0.6211340206185567,1.9,-0.4,3.0,82.5,18.87,1.9,24,10,2,24
2025-01-01,Toronto,TOR_01,PWHL Toronto Arena,Suite,482,40780.0,81.88888888888889,777,0.6203346203346203,1.9,-0.4,3.0,82.5,18.87,1.9,24,10,2,24
2025-01-01,Toronto,TOR_01,PWHL Toronto Arena,Upper Bowl,1833,137405.0,74.79166666666667,2721,0.6736493936052922,1.9,-0.4,3.0,82.5,18.87,1.9,24,10,2,24
2025-01-01,Washington,WAS_01,PWHL Washington Arena,Club,763,56145.0,74.72602739726027,1166,0.6543739279588336,6.61,3.5,8.4,65.42,20.34,0.0,24,0,0,24
2025-01-01,Washington,WAS_01,PWHL Washington Arena,Lower Bowl,1838,144025.0,77.09796672828097,2721,0.6754869533259831,6.61,3.5,8.4,65.42,20.34,0.0,24,0,0,24
2025-01-01,Washington,WAS_01,PWHL Washington Arena,Standing Room,241,19705.0,81.98529411764706,388,0.6211340206185567,6.61,3.5,8.4,65.42,20.34,0.0,24,0,0,24
2025-01-01,Washington,WAS_01,PWHL Washington Arena,Suite,482,40780.0,81.88888888888889,777,0.6203346203346203,6.61,3.5,8.4,65.42,20.34,0.0,24,0,0,24
2025-01-01,Washington,WAS_01,PWHL Washington Arena,Upper Bowl,1833,137405.0,74.79166666666667,2721,0.6736493936052922,6.61,3.5,8.4,65.42,20.34,0.0,24,0,0,24
2025-01-04,Boston,BOS_01,PWHL Boston Arena,Club,552,44935.0,82.42038216560509,1147,0.4812554489973845,-2.84,-3.9,-1.4,52.08,17.7,0.0,24,0,24,24
2025-01-04,Boston,BOS_01,PWHL Boston Arena,Lower Bowl,1185,89060.0,75.06006006006007,2677,0.442659693686963,-2.84,-3.9,-1.4,52.08,17.7,0.0,24,0,24,24
2025-01-04,Boston,BOS_01,PWHL Boston Arena,Standing Room,135,11370.0,79.4047619047619,382,0.35340314136125656,-2.84,-3.9,-1.4,52.08,17.7,0.0,24,0,24,24
2025-01-04,Boston,BOS_01,PWHL Boston Arena,Suite,385,30695.0,77.38738738738739,765,0.5032679738562091,-2.84,-3.9,-1.4,52.08,17.7,0.0,24,0,24,24
2025-01-04,Boston,BOS_01,PWHL Boston Arena,Upper Bowl,1265,97670.0,76.22191011235955,2677,0.47254389241688455,-2.84,-3.9,-1.4,52.08,17.7,0.0,24,0,24,24
2025-01-04,Chicago,CHI_01,PWHL Chicago Arena,Club,552,44935.0,82.42038216560509,1147,0.4812554489973845,-8.33,-11.3,-5.5,48.5,12.59,0.0,24,0,24,24
2025-01-04,Chicago,CHI_01,PWHL Chicago Arena,Lower Bowl,1185,89060.0,75.06006006006007,2677,0.442659693686963,-8.33,-11.3,-5.5,48.5,12.59,0.0,24,0,24,24
2025-01-04,Chicago,CHI_01,PWHL Chicago Arena,Standing Room,135,11370.0,79.4047619047619,382,0.35340314136125656,-8.33,-11.3,-5.5,48.5,12.59,0.0,24,0,24,24
2025-01-04,Chicago,CHI_01,PWHL Chicago Arena,Suite,385,30695.0,77.38738738738739,765,0.5032679738562091,-8.33,-11.3,-5.5,48.5,12.59,0.0,24,0,24,24
2025-01-04,Chicago,CHI_01,PWHL Chicago Arena,Upper Bowl,1265,97670.0,76.22191011235955,2677,0.47254389241688455,-8.33,-11.3,-5.5,48.5,12.59,0.0,24,0,24,24
2025-01-04,Minneapolis,MSP_01,PWHL Minnesota Arena,Club,552,44935.0,82.42038216560509,1147,0.4812554489973845,-15.3,-18.5,-12.1,49.17,9.58,0.0,18,0,24,24
2025-01-04,Minneapolis,MSP_01,PWHL Minnesota Arena,Lower Bowl,1185,89060.0,75.06006006006007,2677,0.442659693686963,-15.3,-18.5,-12.1,49.17,9.58,0.0,18,0,24,24
2025-01-04,Minneapolis,MSP_01,PWHL Minnesota Arena,Standing Room,135,11370.0,79.4047619047619,382,0.35340314136125656,-15.3,-18.5,-12.1,49.17,9.58,0.0,18,0,24,24
2025-01-04,Minneapolis,MSP_01,PWHL Minnesota Arena,Suite,385,30695.0,77.38738738738739,765,0.5032679738562091,-15.3,-18.5,-12.1,49.17,9.58,0.0,18,0,24,24
2025-01-04,Minneapolis,MSP_01,PWHL Minnesota Arena,Upper Bowl,1265,97670.0,76.22191011235955,2677,0.47254389241688455,-15.3,-18.5,-12.1,49.17,9.58,0.0,18,0,24,24
2025-01-04,Montreal,MTL_01,PWHL Montreal Arena,Club,552,44935.0,82.42038216560509,1147,0.4812554489973845,-11.1,-12.5,-10.0,68.21,15.48,2.4,24,20,24,24
2025-01-04,Montreal,MTL_01,PWHL Montreal Arena,Lower Bowl,1185,89060.0,75.06006006006007,2677,0.442659693686963,-11.1,-12.5,-10.0,68.21,15.48,2.4,24,20,24,24
2025-01-04,Montreal,MTL_01,PWHL Montreal Arena,Standing Room,135,11370.0,79.4047619047619,382,0.35340314136125656,-11.1,-12.5,-10.0,68.21,15.48,2.4,24,20,24,24
2025-01-04,Montreal,MTL_01,PWHL Montreal Arena,Suite,385,30695.0,77.38738738738739,765,0.5032679738562091,-11.1,-12.5,-10.0,68.21,15.48,2.4,24,20,24,24
2025-01-04,Montreal,MTL_01,PWHL Montreal Arena,Upper Bowl,1265,97670.0,76.22191011235955,2677,0.47254389241688455,-11.1,-12.5,-10.0,68.21,15.48,2.4,24,20,24,24
2025-01-04,New York,NYC_01,PWHL New York Arena,Club,552,44935.0,82.42038216560509,1147,0.4812554489973845,-1.6,-3.0,-0.2,50.0,17.0,0.0,24,0,24,24
2025-01-04,New York,NYC_01,PWHL New York Arena,Lower Bowl,1185,89060.0,75.06006006006007,2677,0.442659693686963,-1.6,-3.0,-0.2,50.0,17.0,0.0,24,0,24,24
2025-01-04,New York,NYC_01,PWHL New York Arena,Standing Room,135,11370.0,79.4047619047619,382,0.35340314136125656,-1.6,-3.0,-0.2,50.0,17.0,0.0,24,0,24,24
2025-01-04,New York,NYC_01,PWHL New York Arena,Suite,385,30695.0,77.38738738738739,765,0.5032679738562091,-1.6,-3.0,-0.2,50.0,17.0,0.0,24,0,24,24
2025-01-04,New York,NYC_01,PWHL New York Arena,Upper Bowl,1265,97670.0,76.22191011235955,2677,0.47254389241688455,-1.6,-3.0,-0.2,50.0,17.0,0.0,24,0,24,24
2025-01-04,Ottawa,OTT_01,PWHL Ottawa Arena,Club,552,44935.0,82.42038216560509,1147,0.4812554489973845,-10.8,-12.7,-9.0,70.0,14.38,1.3,22,13,24,24
2025-01-04,Ottawa,OTT_01,PWHL Ottawa Arena,Lower Bowl,1185,89060.0,75.06006006006007,2677,0.442659693686963,-10.8,-12.7,-9.0,70.0,14.38,1.3,22,13,24,24
2025-01-04,Ottawa,OTT_01,PWHL Ottawa Arena,Standing Room,135,11370.0,79.4047619047619,382,0.35340314136125656,-10.8,-12.7,-9.0,70.0,14.38,1.3,22,13,24,24
2025-01-04,Ottawa,OTT_01,PWHL Ottawa Arena,Suite,385,30695.0,77.38738738738739,765,0.5032679738562091,-10.8,-12.7,-9.0,70.0,14.38,1.3,22,13,24,24
2025-01-04,Ottawa,OTT_01,PWHL Ottawa Arena,Upper Bowl,1265,97670.0,76.22191011235955,2677,0.47254389241688455,-10.8,-12.7,-9.0,70.0,14.38,1.3,22,13,24,24
2025-01-04,Toronto,TOR_01,PWHL Toronto Arena,Club,552,44935.0,82.42038216560509,1147,0.4812554489973845,-3.97,-4.9,-2.2,65.04,22.05,1.2,24,6,24,24
2025-01-04,Toronto,TOR_01,PWHL Toronto Arena,Lower Bowl,1185,89060.0,75.06006006006007,2677,0.442659693686963,-3.97,-4.9,-2.2,65.04,22.05,1.2,24,6,24,24
2025-01-04,Toronto,TOR_01,PWHL Toronto Arena,Standing Room,135,11370.0,79.4047619047619,382,0.35340314136125656,-3.97,-4.9,-2.2,65.04,22.05,1.2,24,6,24,24
2025-01-04,Toronto,TOR_01,PWHL Toronto Arena,Suite,385,30695.0,77.38738738738739,765,0.5032679738562091,-3.97,-4.9,-2.2,65.04,22.05,1.2,24,6,24,24
2025-01-04,Toronto,TOR_01,PWHL Toronto Arena,Upper Bowl,1265,97670.0,76.22191011235955,2677,0.47254389241688455,-3.97,-4.9,-2.2,65.04,22.05,1.2,24,6,24,24
2025-01-04,Washington,WAS_01,PWHL Washington Arena,Club,552,44935.0,82.42038216560509,1147,0.4812554489973845,-2.78,-4.3,-1.6,53.58,20.16,0.0,24,0,24,24
2025-01-04,Washington,WAS_01,PWHL Washington Arena,Lower Bowl,1185,89060.0,75.06006006006007,2677,0.442659693686963,-2.78,-4.3,-1.6,53.58,20.16,0.0,24,0,24,24
2025-01-04,Washington,WAS_01,PWHL Washington Arena,Standing Room,135,11370.0,79.4047619047619,382,0.35340314136125656,-2.78,-4.3,-1.6,53.58,20.16,0.0,24,0,24,24
2025-01-04,Washington,WAS_01,PWHL Washington Arena,Suite,385,30695.0,77.38738738738739,765,0.5032679738562091,-2.78,-4.3,-1.6,53.58,20.16,0.0,24,0,24,24
2025-01-04,Washington,WAS_01,PWHL Washington Arena,Upper Bowl,1265,97670.0,76.22191011235955,2677,0.47254389241688455,-2.78,-4.3,-1.6,53.58,20.16,0.0,24,0,24,24
2025-01-08,Boston,BOS_01,PWHL Boston Arena,Club,859,61915.0,73.07531380753139,1223,0.7023712183156173,-6.18,-8.6,-3.1,44.83,23.71,0.0,24,0,24,24
2025-01-08,Boston,BOS_01,PWHL Boston Arena,Lower Bowl,1949,148490.0,77.14814814814815,2855,0.682661996497373,-6.18,-8.6,-3.1,44.83,23.71,0.0,24,0,24,24
2025-01-08,Boston,BOS_01,PWHL Boston Arena,Standing Room,266,18890.0,72.7710843373494,407,0.6535626535626535,-6.18,-8.6,-3.1,44.83,23.71,0.0,24,0,24,24
2025-01-08,Boston,BOS_01,PWHL Boston Arena,Suite,559,45465.0,79.73053892215569,815,0.6858895705521473,-6.18,-8.6,-3.1,44.83,23.71,0.0,24,0,24,24
2025-01-08,Boston,BOS_01,PWHL Boston Arena,Upper Bowl,1887,140530.0,75.89416058394161,2855,0.6609457092819615,-6.18,-8.6,-3.1,44.83,23.71,0.0,24,0,24,24
2025-01-08,Chicago,CHI_01,PWHL Chicago Arena,Club,859,61915.0,73.07531380753139,1223,0.7023712183156173,-7.49,-10.6,-4.4,56.08,8.56,0.0,17,0,24,24
2025-01-08,Chicago,CHI_01,PWHL Chicago Arena,Lower Bowl,1949,148490.0,77.14814814814815,2855,0.682661996497373,-7.49,-10.6,-4.4,56.08,8.56,0.0,17,0,24,24
2025-01-08,Chicago,CHI_01,PWHL Chicago Arena,Standing Room,266,18890.0,72.7710843373494,407,0.6535626535626535,-7.49,-10.6,-4.4,56.08,8.56,0.0,17,0,24,24
2025-01-08,Chicago,CHI_01,PWHL Chicago Arena,Suite,559,45465.0,79.73053892215569,815,0.6858895705521473,-7.49,-10.6,-4.4,56.08,8.56,0.0,17,0,24,24
2025-01-08,Chicago,CHI_01,PWHL Chicago Arena,Upper Bowl,1887,140530.0,75.89416058394161,2855,0.6609457092819615,-7.49,-10.6,-4.4,56.08,8.56,0.0,17,0,24,24
2025-01-08,Minneapolis,MSP_01,PWHL Minnesota Arena,Club,859,61915.0,73.07531380753139,1223,0.7023712183156173,-11.09,-15.8,-6.6,59.04,7.83,0.0,7,0,24,24
2025-01-08,Minneapolis,MSP_01,PWHL Minnesota Arena,Lower Bowl,1949,148490.0,77.14814814814815,2855,0.682661996497373,-11.09,-15.8,-6.6,59.04,7.83,0.0,7,0,24,24
2025-01-08,Minneapolis,MSP_01,PWHL Minnesota Arena,Standing Room,266,18890.0,72.7710843373494,407,0.6535626535626535,-11.09,-15.8,-6.6,59.04,7.83,0.0,7,0,24,24
2025-01-08,Minneapolis,MSP_01,PWHL Minnesota Arena,Suite,559,45465.0,79.73053892215569,815,0.6858895705521473,-11.09,-15.8,-6.6,59.04,7.83,0.0,7,0,24,24
2025-01-08,Minneapolis,MSP_01,PWHL Minnesota Arena,Upper Bowl,1887,140530.0,75.89416058394161,2855,0.6609457092819615,-11.09,-15.8,-6.6,59.04,7.83,0.0,7,0,24,24
2025-01-08,Montreal,MTL_01,PWHL Montreal Arena,Club,859,61915.0,73.07531380753139,1223,0.7023712183156173,-13.15,-14.8,-10.9,73.62,20.37,5.2,24,24,24,24
2025-01-08,Montreal,MTL_01,PWHL Montreal Arena,Lower Bowl,1949,148490.0,77.14814814814815,2855,0.682661996497373,-13.15,-14.8,-10.9,73.62,20.37,5.2,24,24,24,24
2025-01-08,Montreal,MTL_01,PWHL Montreal Arena,Standing Room,266,18890.0,72.7710843373494,407,0.6535626535626535,-13.15,-14.8,-10.9,73.62,20.37,5.2,24,24,24,24
2025-01-08,Montreal,MTL_01,PWHL Montreal Arena,Suite,559,45465.0,79.73053892215569,815,0.6858895705521473,-13.15,-14.8,-10.9,73.62,20.37,5.2,24,24,24,24
2025-01-08,Montreal,MTL_01,PWHL Montreal Arena,Upper Bowl,1887,140530.0,75.89416058394161,2855,0.6609457092819615,-13.15,-14.8,-10.9,73.62,20.37,5.2,24,24,24,24
2025-01-08,New York,NYC_01,PWHL New York Arena,Club,859,61915.0,73.07531380753139,1223,0.7023712183156173,-4.49,-6.7,-2.6,49.46,19.91,0.0,24,0,24,24
2025-01-08,New York,NYC_01,PWHL New York Arena,Lower Bowl,1949,148490.0,77.14814814814815,2855,0.682661996497373,-4.49,-6.7,-2.6,49.46,19.91,0.0,24,0,24,24
2025-01-08,New York,NYC_01,PWHL New York Arena,Standing Room,266,18890.0,72.7710843373494,407,0.6535626535626535,-4.49,-6.7,-2.6,49.46,19.91,0.0,24,0,24,24
2025-01-08,New York,NYC_01,PWHL New York Arena,Suite,559,45465.0,79.73053892215569,815,0.6858895705521473,-4.49,-6.7,-2.6,49.46,19.91,0.0,24,0,24,24
2025-01-08,New York,NYC_01,PWHL New York Arena,Upper Bowl,1887,140530.0,75.89416058394161,2855,0.6609457092819615,-4.49,-6.7,-2.6,49.46,19.91,0.0,24,0,24,24
2025-01-08,Ottawa,OTT_01,PWHL Ottawa Arena,Club,859,61915.0,73.07531380753139,1223,0.7023712183156173,-13.82,-15.5,-11.0,69.29,19.04,0.5,24,5,24,24
2025-01-08,Ottawa,OTT_01,PWHL Ottawa Arena,Lower Bowl,1949,148490.0,77.14814814814815,2855,0.682661996497373,-13.82,-15.5,-11.0,69.29,19.04,0.5,24,5,24,24
2025-01-08,Ottawa,OTT_01,PWHL Ottawa Arena,Standing Room,266,18890.0,72.7710843373494,407,0.6535626535626535,-13.82,-15.5,-11.0,69.29,19.04,0.5,24,5,24,24
2025-01-08,Ottawa,OTT_01,PWHL Ottawa Arena,Suite,559,45465.0,79.73053892215569,815,0.6858895705521473,-13.82,-15.5,-11.0,69.29,19.04,0.5,24,5,24,24
2025-01-08,Ottawa,OTT_01,PWHL Ottawa Arena,Upper Bowl,1887,140530.0,75.89416058394161,2855,0.6609457092819615,-13.82,-15.5,-11.0,69.29,19.04,0.5,24,5,24,24
2025-01-08,Toronto,TOR_01,PWHL Toronto Arena,Club,859,61915.0,73.07531380753139,1223,0.7023712183156173,-9.27,-11.3,-7.1,66.67,14.3,0.3,24,3,24,24
2025-01-08,Toronto,TOR_01,PWHL Toronto Arena,Lower Bowl,1949,148490.0,77.14814814814815,2855,0.682661996497373,-9.27,-11.3,-7.1,66.67,14.3,0.3,24,3,24,24
2025-01-08,Toronto,TOR_01,PWHL Toronto Arena,Standing Room,266,18890.0,72.7710843373494,407,0.6535626535626535,-9.27,-11.3,-7.1,66.67,14.3,0.3,24,3,24,24
2025-01-08,Toronto,TOR_01,PWHL Toronto Arena,Suite,559,45465.0,79.73053892215569,815,0.6858895705521473,-9.27,-11.3,-7.1,66.67,14.3,0.3,24,3,24,24
2025-01-08,Toronto,TOR_01,PWHL Toronto Arena,Upper Bowl,1887,140530.0,75.89416058394161,2855,0.6609457092819615,-9.27,-11.3,-7.1,66.67,14.3,0.3,24,3,24,24
2025-01-08,Washington,WAS_01,PWHL Washington Arena,Club,859,61915.0,73.07531380753139,1223,0.7023712183156173,-4.21,-6.4,-2.5,70.88,19.08,0.0,24,0,24,24
2025-01-08,Washington,WAS_01,PWHL Washington Arena,Lower Bowl,1949,148490.0,77.14814814814815,2855,0.682661996497373,-4.21,-6.4,-2.5,70.88,19.08,0.0,24,0,24,24
2025-01-08,Washington,WAS_01,PWHL Washington Arena,Standing Room,266,18890.0,72.7710843373494,407,0.6535626535626535,-4.21,-6.4,-2.5,70.88,19.08,0.0,24,0,24,24
2025-01-08,Washington,WAS_01,PWHL Washington Arena,Suite,559,45465.0,79.73053892215569,815,0.6858895705521473,-4.21,-6.4,-2.5,70.88,19.08,0.0,24,0,24,24
2025-01-08,Washington,WAS_01,PWHL Washington Arena,Upper Bowl,1887,140530.0,75.89416058394161,2855,0.6609457092819615,-4.21,-6.4,-2.5,70.88,19.08,0.0,24,0,24,24
2025-01-13,Boston,BOS_01,PWHL Boston Arena,Club,877,66840.0,77.91666666666667,1270,0.6905511811023622,-0.27,-5.0,5.3,68.08,7.18,0.0,7,0,12,24
2025-01-13,Boston,BOS_01,PWHL Boston Arena,Lower Bowl,1998,149755.0,75.58058925476602,2964,0.6740890688259109,-0.27,-5.0,5.3,68.08,7.18,0.0,7,0,12,24
2025-01-13,Boston,BOS_01,PWHL Boston Arena,Standing Room,270,21030.0,76.6891891891892,423,0.6382978723404256,-0.27,-5.0,5.3,68.08,7.18,0.0,7,0,12,24
2025-01-13,Boston,BOS_01,PWHL Boston Arena,Suite,560,41090.0,75.30201342281879,847,0.6611570247933884,-0.27,-5.0,5.3,68.08,7.18,0.0,7,0,12,24
2025-01-13,Boston,BOS_01,PWHL Boston Arena,Upper Bowl,2010,143635.0,72.47899159663865,2964,0.6781376518218624,-0.27,-5.0,5.3,68.08,7.18,0.0,7,0,12,24
2025-01-13,Chicago,CHI_01,PWHL Chicago Arena,Club,877,66840.0,77.91666666666667,1270,0.6905511811023622,-10.27,-13.1,-6.0,64.79,16.24,0.0,24,0,24,24
2025-01-13,Chicago,CHI_01,PWHL Chicago Arena,Lower Bowl,1998,149755.0,75.58058925476602,2964,0.6740890688259109,-10.27,-13.1,-6.0,64.79,16.24,0.0,24,0,24,24
2025-01-13,Chicago,CHI_01,PWHL Chicago Arena,Standing Room,270,21030.0,76.6891891891892,423,0.6382978723404256,-10.27,-13.1,-6.0,64.79,16.24,0.0,24,0,24,24
2025-01-13,Chicago,CHI_01,PWHL Chicago Arena,Suite,560,41090.0,75.30201342281879,847,0.6611570247933884,-10.27,-13.1,-6.0,64.79,16.24,0.0,24,0,24,24
2025-01-13,Chicago,CHI_01,PWHL Chicago Arena,Upper Bowl,2010,143635.0,72.47899159663865,2964,0.6781376518218624,-10.27,-13.1,-6.0,64.79,16.24,0.0,24,0,24,24
2025-01-13,Minneapolis,MSP_01,PWHL Minnesota Arena,Club,877,66840.0,77.91666666666667,1270,0.6905511811023622,-17.78,-20.0,-14.8,66.96,12.44,0.0,22,0,24,24
2025-01-13,Minneapolis,MSP_01,PWHL Minnesota Arena,Lower Bowl,1998,149755.0,75.58058925476602,2964,0.6740890688259109,-17.78,-20.0,-14.8,66.96,12.44,0.0,22,0,24,24
2025-01-13,Minneapolis,MSP_01,PWHL Minnesota Arena,Standing Room,270,21030.0,76.6891891891892,423,0.6382978723404256,-17.78,-20.0,-14.8,66.96,12.44,0.0,22,0,24,24
2025-01-13,Minneapolis,MSP_01,PWHL Minnesota Arena,Suite,560,41090.0,75.30201342281879,847,0.6611570247933884,-17.78,-20.0,-14.8,66.96,12.44,0.0,22,0,24,24
2025-01-13,Minneapolis,MSP_01,PWHL Minnesota Arena,Upper Bowl,2010,143635.0,72.47899159663865,2964,0.6781376518218624,-17.78,-20.0,-14.8,66.96,12.44,0.0,22,0,24,24
2025-01-13,Montreal,MTL_01,PWHL Montreal Arena,Club,877,66840.0,77.91666666666667,1270,0.6905511811023622,-5.43,-8.6,-1.5,90.42,7.28,3.6,9,16,24,24
2025-01-13,Montreal,MTL_01,PWHL Montreal Arena,Lower Bowl,1998,149755.0,75.58058925476602,2964,0.6740890688259109,-5.43,-8.6,-1.5,90.42,7.28,3.6,9,16,24,24
2025-01-13,Montreal,MTL_01,PWHL Montreal Arena,Standing Room,270,21030.0,76.6891891891892,423,0.6382978723404256,-5.43,-8.6,-1.5,90.42,7.28,3.6,9,16,24,24
2025-01-13,Montreal,MTL_01,PWHL Montreal Arena,Suite,560,41090.0,75.30201342281879,847,0.6611570247933884,-5.43,-8.6,-1.5,90.42,7.28,3.6,9,16,24,24
2025-01-13,Montreal,MTL_01,PWHL Montreal Arena,Upper Bowl,2010,143635.0,72.47899159663865,2964,0.6781376518218624,-5.43,-8.6,-1.5,90.42,7.28,3.6,9,16,24,24
2025-01-13,New York,NYC_01,PWHL New York Arena,Club,877,66840.0,77.91666666666667,1270,0.6905511811023622,1.17,-2.0,6.5,63.5,9.62,0.0,13,0,9,24
2025-01-13,New York,NYC_01,PWHL New York Arena,Lower Bowl,1998,149755.0,75.58058925476602,2964,0.6740890688259109,1.17,-2.0,6.5,63.5,9.62,0.0,13,0,9,24
2025-01-13,New York,NYC_01,PWHL New York Arena,Standing Room,270,21030.0,76.6891891891892,423,0.6382978723404256,1.17,-2.0,6.5,63.5,9.62,0.0,13,0,9,24
2025-01-13,New York,NYC_01,PWHL New York Arena,Suite,560,41090.0,75.30201342281879,847,0.6611570247933884,1.17,-2.0,6.5,63.5,9.62,0.0,13,0,9,24
2025-01-13,New York,NYC_01,PWHL New York Arena,Upper Bowl,2010,143635.0,72.47899159663865,2964,0.6781376518218624,1.17,-2.0,6.5,63.5,9.62,0.0,13,0,9,24
2025-01-13,Ottawa,OTT_01,PWHL Ottawa Arena,Club,877,66840.0,77.91666666666667,1270,0.6905511811023622,-3.15,-5.1,-1.3,90.33,9.99,7.0,17,21,24,24
2025-01-13,Ottawa,OTT_01,PWHL Ottawa Arena,Lower Bowl,1998,149755.0,75.58058925476602,2964,0.6740890688259109,-3.15,-5.1,-1.3,90.33,9.99,7.0,17,21,24,24
2025-01-13,Ottawa,OTT_01,PWHL Ottawa Arena,Standing Room,270,21030.0,76.6891891891892,423,0.6382978723404256,-3.15,-5.1,-1.3,90.33,9.99,7.0,17,21,24,24
2025-01-13,Ottawa,OTT_01,PWHL Ottawa Arena,Suite,560,41090.0,75.30201342281879,847,0.6611570247933884,-3.15,-5.1,-1.3,90.33,9.99,7.0,17,21,24,24
2025-01-13,Ottawa,OTT_01,PWHL Ottawa Arena,Upper Bowl,2010,143635.0,72.47899159663865,2964,0.6781376518218624,-3.15,-5.1,-1.3,90.33,9.99,7.0,17,21,24,24
2025-01-13,Toronto,TOR_01,PWHL Toronto Arena,Club,877,66840.0,77.91666666666667,1270,0.6905511811023622,-1.47,-6.0,1.3,81.38,20.23,1.6,24,6,16,24
2025-01-13,Toronto,TOR_01,PWHL Toronto Arena,Lower Bowl,1998,149755.0,75.58058925476602,2964,0.6740890688259109,-1.47,-6.0,1.3,81.38,20.23,1.6,24,6,16,24
2025-01-13,Toronto,TOR_01,PWHL Toronto Arena,Standing Room,270,21030.0,76.6891891891892,423,0.6382978723404256,-1.47,-6.0,1.3,81.38,20.23,1.6,24,6,16,24
2025-01-13,Toronto,TOR_01,PWHL Toronto Arena,Suite,560,41090.0,75.30201342281879,847,0.6611570247933884,-1.47,-6.0,1.3,81.38,20.23,1.6,24,6,16,24
2025-01-13,Toronto,TOR_01,PWHL Toronto Arena,Upper Bowl,2010,143635.0,72.47899159663865,2964,0.6781376518218624,-1.47,-6.0,1.3,81.38,20.23,1.6,24,6,16,24
2025-01-13,Washington,WAS_01,PWHL Washington Arena,Club,877,66840.0,77.91666666666667,1270,0.6905511811023622,-0.98,-6.6,5.1,74.5,7.09,0.0,8,0,15,24
2025-01-13,Washington,WAS_01,PWHL Washington Arena,Lower Bowl,1998,149755.0,75.58058925476602,2964,0.6740890688259109,-0.98,-6.6,5.1,74.5,7.09,0.0,8,0,15,24
2025-01-13,Washington,WAS_01,PWHL Washington Arena,Standing Room,270,21030.0,76.6891891891892,423,0.6382978723404256,-0.98,-6.6,5.1,74.5,7.09,0.0,8,0,15,24
2025-01-13,Washington,WAS_01,PWHL Washington Arena,Suite,560,41090.0,75.30201342281879,847,0.6611570247933884,-0.98,-6.6,5.1,74.5,7.09,0.0,8,0,15,24
2025-01-13,Washington,WAS_01,PWHL Washington Arena,Upper Bowl,2010,143635.0,72.47899159663865,2964,0.6781376518218624,-0.98,-6.6,5.1,74.5,7.09,0.0,8,0,15,24
2025-01-17,Boston,BOS_01,PWHL Boston Arena,Club,489,37880.0,76.92307692307692,1269,0.38534278959810875,-3.05,-7.6,1.8,61.08,7.81,0.0,9,0,19,24
2025-01-17,Boston,BOS_01,PWHL Boston Arena,Lower Bowl,1199,82460.0,70.54896142433235,2961,0.4049307666328943,-3.05,-7.6,1.8,61.08,7.81,0.0,9,0,19,24
2025-01-17,Boston,BOS_01,PWHL Boston Arena,Standing Room,204,16405.0,81.75,423,0.48226950354609927,-3.05,-7.6,1.8,61.08,7.81,0.0,9,0,19,24
2025-01-17,Boston,BOS_01,PWHL Boston Arena,Suite,286,24165.0,82.75,846,0.3380614657210402,-3.05,-7.6,1.8,61.08,7.81,0.0,9,0,19,24
2025-01-17,Boston,BOS_01,PWHL Boston Arena,Upper Bowl,1169,92075.0,77.71771771771772,2961,0.3947990543735225,-3.05,-7.6,1.8,61.08,7.81,0.0,9,0,19,24
2025-01-17,Chicago,CHI_01,PWHL Chicago Arena,Club,489,37880.0,76.92307692307692,1269,0.38534278959810875,0.16,-5.1,4.7,77.0,18.55,0.0,24,0,11,24
2025-01-17,Chicago,CHI_01,PWHL Chicago Arena,Lower Bowl,1199,82460.0,70.54896142433235,2961,0.4049307666328943,0.16,-5.1,4.7,77.0,18.55,0.0,24,0,11,24
2025-01-17,Chicago,CHI_01,PWHL Chicago Arena,Standing Room,204,16405.0,81.75,423,0.48226950354609927,0.16,-5.1,4.7,77.0,18.55,0.0,24,0,11,24
2025-01-17,Chicago,CHI_01,PWHL Chicago Arena,Suite,286,24165.0,82.75,846,0.3380614657210402,0.16,-5.1,4.7,77.0,18.55,0.0,24,0,11,24
2025-01-17,Chicago,CHI_01,PWHL Chicago Arena,Upper Bowl,1169,92075.0,77.71771771771772,2961,0.3947990543735225,0.16,-5.1,4.7,77.0,18.55,0.0,24,0,11,24
2025-01-17,Minneapolis,MSP_01,PWHL Minnesota Arena,Club,489,37880.0,76.92307692307692,1269,0.38534278959810875,-0.85,-7.7,3.3,74.38,17.91,0.0,23,0,12,24
2025-01-17,Minneapolis,MSP_01,PWHL Minnesota Arena,Lower Bowl,1199,82460.0,70.54896142433235,2961,0.4049307666328943,-0.85,-7.7,3.3,74.38,17.91,0.0,23,0,12,24
2025-01-17,Minneapolis,MSP_01,PWHL Minnesota Arena,Standing Room,204,16405.0,81.75,423,0.48226950354609927,-0.85,-7.7,3.3,74.38,17.91,0.0,23,0,12,24
2025-01-17,Minneapolis,MSP_01,PWHL Minnesota Arena,Suite,286,24165.0,82.75,846,0.3380614657210402,-0.85,-7.7,3.3,74.38,17.91,0.0,23,0,12,24
2025-01-17,Minneapolis,MSP_01,PWHL Minnesota Arena,Upper Bowl,1169,92075.0,77.71771771771772,2961,0.3947990543735225,-0.85,-7.7,3.3,74.38,17.91,0.0,23,0,12,24
2025-01-17,Montreal,MTL_01,PWHL Montreal Arena,Club,489,37880.0,76.92307692307692,1269,0.38534278959810875,-5.03,-9.3,-1.6,85.88,7.52,0.1,7,1,24,24
2025-01-17,Montreal,MTL_01,PWHL Montreal Arena,Lower Bowl,1199,82460.0,70.54896142433235,2961,0.4049307666328943,-5.03,-9.3,-1.6,85.88,7.52,0.1,7,1,24,24
2025-01-17,Montreal,MTL_01,PWHL Montreal Arena,Standing Room,204,16405.0,81.75,423,0.48226950354609927,-5.03,-9.3,-1.6,85.88,7.52,0.1,7,1,24,24
2025-01-17,Montreal,MTL_01,PWHL Montreal Arena,Suite,286,24165.0,82.75,846,0.3380614657210402,-5.03,-9.3,-1.6,85.88,7.52,0.1,7,1,24,24
2025-01-17,Montreal,MTL_01,PWHL Montreal Arena,Upper Bowl,1169,92075.0,77.71771771771772,2961,0.3947990543735225,-5.03,-9.3,-1.6,85.88,7.52,0.1,7,1,24,24
2025-01-17,New York,NYC_01,PWHL New York Arena,Club,489,37880.0,76.92307692307692,1269,0.38534278959810875,-0.68,-5.1,4.9,65.88,7.31,0.0,7,0,13,24
2025-01-17,New York,NYC_01,PWHL New York Arena,Lower Bowl,1199,82460.0,70.54896142433235,2961,0.4049307666328943,-0.68,-5.1,4.9,65.88,7.31,0.0,7,0,13,24
2025-01-17,New York,NYC_01,PWHL New York Arena,Standing Room,204,16405.0,81.75,423,0.48226950354609927,-0.68,-5.1,4.9,65.88,7.31,0.0,7,0,13,24
2025-01-17,New York,NYC_01,PWHL New York Arena,Suite,286,24165.0,82.75,846,0.3380614657210402,-0.68,-5.1,4.9,65.88,7.31,0.0,7,0,13,24
2025-01-17,New York,NYC_01,PWHL New York Arena,Upper Bowl,1169,92075.0,77.71771771771772,2961,0.3947990543735225,-0.68,-5.1,4.9,65.88,7.31,0.0,7,0,13,24
2025-01-17,Ottawa,OTT_01,PWHL Ottawa Arena,Club,489,37880.0,76.92307692307692,1269,0.38534278959810875,-5.05,-10.8,0.3,85.71,6.62,0.0,8,0,23,24
2025-01-17,Ottawa,OTT_01,PWHL Ottawa Arena,Lower Bowl,1199,82460.0,70.54896142433235,2961,0.4049307666328943,-5.05,-10.8,0.3,85.71,6.62,0.0,8,0,23,24
2025-01-17,Ottawa,OTT_01,PWHL Ottawa Arena,Standing Room,204,16405.0,81.75,423,0.48226950354609927,-5.05,-10.8,0.3,85.71,6.62,0.0,8,0,23,24
2025-01-17,Ottawa,OTT_01,PWHL Ottawa Arena,Suite,286,24165.0,82.75,846,0.3380614657210402,-5.05,-10.8,0.3,85.71,6.62,0.0,8,0,23,24
2025-01-17,Ottawa,OTT_01,PWHL Ottawa Arena,Upper Bowl,1169,92075.0,77.71771771771772,2961,0.3947990543735225,-5.05,-10.8,0.3,85.71,6.62,0.0,8,0,23,24
2025-01-17,Toronto,TOR_01,PWHL Toronto Arena,Club,489,37880.0,76.92307692307692,1269,0.38534278959810875,-0.13,-2.5,2.0,77.33,15.97,0.0,23,0,13,24
2025-01-17,Toronto,TOR_01,PWHL Toronto Arena,Lower Bowl,1199,82460.0,70.54896142433235,2961,0.4049307666328943,-0.13,-2.5,2.0,77.33,15.97,0.0,23,0,13,24
2025-01-17,Toronto,TOR_01,PWHL Toronto Arena,Standing Room,204,16405.0,81.75,423,0.48226950354609927,-0.13,-2.5,2.0,77.33,15.97,0.0,23,0,13,24
2025-01-17,Toronto,TOR_01,PWHL Toronto Arena,Suite,286,24165.0,82.75,846,0.3380614657210402,-0.13,-2.5,2.0,77.33,15.97,0.0,23,0,13,24
2025-01-17,Toronto,TOR_01,PWHL Toronto Arena,Upper Bowl,1169,92075.0,77.71771771771772,2961,0.3947990543735225,-0.13,-2.5,2.0,77.33,15.97,0.0,23,0,13,24
2025-01-17,Washington,WAS_01,PWHL Washington Arena,Club,489,37880.0,76.92307692307692,1269,0.38534278959810875,-0.01,-4.5,4.0,71.25,8.67,0.0,10,0,15,24
2025-01-17,Washington,WAS_01,PWHL Washington Arena,Lower Bowl,1199,82460.0,70.54896142433235,2961,0.4049307666328943,-0.01,-4.5,4.0,71.25,8.67,0.0,10,0,15,24
2025-01-17,Washington,WAS_01,PWHL Washington Arena,Standing Room,204,16405.0,81.75,423,0.48226950354609927,-0.01,-4.5,4.0,71.25,8.67,0.0,10,0,15,24
2025-01-17,Washington,WAS_01,PWHL Washington Arena,Suite,286,24165.0,82.75,846,0.3380614657210402,-0.01,-4.5,4.0,71.25,8.67,0.0,10,0,15,24
2025-01-17,Washington,WAS_01,PWHL Washington Arena,Upper Bowl,1169,92075.0,77.71771771771772,2961,0.3947990543735225,-0.01,-4.5,4.0,71.25,8.67,0.0,10,0,15,24
2025-01-22,Boston,BOS_01,PWHL Boston Arena,Club,636,45055.0,72.34463276836158,1128,0.5638297872340425,-12.57,-16.8,-8.0,51.92,6.77,0.0,10,0,24,24
2025-01-22,Boston,BOS_01,PWHL Boston Arena,Lower Bowl,1421,100970.0,74.16666666666667,2632,0.5398936170212766,-12.57,-16.8,-8.0,51.92,6.77,0.0,10,0,24,24
2025-01-22,Boston,BOS_01,PWHL Boston Arena,Standing Room,231,15610.0,73.92857142857143,376,0.6143617021276596,-12.57,-16.8,-8.0,51.92,6.77,0.0,10,0,24,24
2025-01-22,Boston,BOS_01,PWHL Boston Arena,Suite,419,33990.0,81.9396551724138,752,0.5571808510638298,-12.57,-16.8,-8.0,51.92,6.77,0.0,10,0,24,24
2025-01-22,Boston,BOS_01,PWHL Boston Arena,Upper Bowl,1418,109795.0,76.99238578680203,2632,0.5387537993920972,-12.57,-16.8,-8.0,51.92,6.77,0.0,10,0,24,24
2025-01-22,Chicago,CHI_01,PWHL Chicago Arena,Club,636,45055.0,72.34463276836158,1128,0.5638297872340425,-10.81,-18.6,-5.3,56.96,18.46,1.0,24,8,24,24
2025-01-22,Chicago,CHI_01,PWHL Chicago Arena,Lower Bowl,1421,100970.0,74.16666666666667,2632,0.5398936170212766,-10.81,-18.6,-5.3,56.96,18.46,1.0,24,8,24,24
2025-01-22,Chicago,CHI_01,PWHL Chicago Arena,Standing Room,231,15610.0,73.92857142857143,376,0.6143617021276596,-10.81,-18.6,-5.3,56.96,18.46,1.0,24,8,24,24
2025-01-22,Chicago,CHI_01,PWHL Chicago Arena,Suite,419,33990.0,81.9396551724138,752,0.5571808510638298,-10.81,-18.6,-5.3,56.96,18.46,1.0,24,8,24,24
2025-01-22,Chicago,CHI_01,PWHL Chicago Arena,Upper Bowl,1418,109795.0,76.99238578680203,2632,0.5387537993920972,-10.81,-18.6,-5.3,56.96,18.46,1.0,24,8,24,24
2025-01-22,Minneapolis,MSP_01,PWHL Minnesota Arena,Club,636,45055.0,72.34463276836158,1128,0.5638297872340425,-7.38,-13.4,-1.8,69.58,14.65,0.0,23,0,24,24
2025-01-22,Minneapolis,MSP_01,PWHL Minnesota Arena,Lower Bowl,1421,100970.0,74.16666666666667,2632,0.5398936170212766,-7.38,-13.4,-1.8,69.58,14.65,0.0,23,0,24,24
2025-01-22,Minneapolis,MSP_01,PWHL Minnesota Arena,Standing Room,231,15610.0,73.92857142857143,376,0.6143617021276596,-7.38,-13.4,-1.8,69.58,14.65,0.0,23,0,24,24
2025-01-22,Minneapolis,MSP_01,PWHL Minnesota Arena,Suite,419,33990.0,81.9396551724138,752,0.5571808510638298,-7.38,-13.4,-1.8,69.58,14.65,0.0,23,0,24,24
2025-01-22,Minneapolis,MSP_01,PWHL Minnesota Arena,Upper Bowl,1418,109795.0,76.99238578680203,2632,0.5387537993920972,-7.38,-13.4,-1.8,69.58,14.65,0.0,23,0,24,24
2025-01-22,Montreal,MTL_01,PWHL Montreal Arena,Club,636,45055.0,72.34463276836158,1128,0.5638297872340425,-15.86,-19.0,-13.2,71.12,8.57,0.0,14,0,24,24
2025-01-22,Montreal,MTL_01,PWHL Montreal Arena,Lower Bowl,1421,100970.0,74.16666666666667,2632,0.5398936170212766,-15.86,-19.0,-13.2,71.12,8.57,0.0,14,0,24,24
2025-01-22,Montreal,MTL_01,PWHL Montreal Arena,Standing Room,231,15610.0,73.92857142857143,376,0.6143617021276596,-15.86,-19.0,-13.2,71.12,8.57,0.0,14,0,24,24
2025-01-22,Montreal,MTL_01,PWHL Montreal Arena,Suite,419,33990.0,81.9396551724138,752,0.5571808510638298,-15.86,-19.0,-13.2,71.12,8.57,0.0,14,0,24,24
2025-01-22,Montreal,MTL_01,PWHL Montreal Arena,Upper Bowl,1418,109795.0,76.99238578680203,2632,0.5387537993920972,-15.86,-19.0,-13.2,71.12,8.57,0.0,14,0,24,24
2025-01-22,New York,NYC_01,PWHL New York Arena,Club,636,45055.0,72.34463276836158,1128,0.5638297872340425,-11.99,-16.8,-8.3,53.83,3.92,0.0,3,0,24,24
2025-01-22,New York,NYC_01,PWHL New York Arena,Lower Bowl,1421,100970.0,74.16666666666667,2632,0.5398936170212766,-11.99,-16.8,-8.3,53.83,3.92,0.0,3,0,24,24
2025-01-22,New York,NYC_01,PWHL New York Arena,Standing Room,231,15610.0,73.92857142857143,376,0.6143617021276596,-11.99,-16.8,-8.3,53.83,3.92,0.0,3,0,24,24
2025-01-22,New York,NYC_01,PWHL New York Arena,Suite,419,33990.0,81.9396551724138,752,0.5571808510638298,-11.99,-16.8,-8.3,53.83,3.92,0.0,3,0,24,24
2025-01-22,New York,NYC_01,PWHL New York Arena,Upper Bowl,1418,109795.0,76.99238578680203,2632,0.5387537993920972,-11.99,-16.8,-8.3,53.83,3.92,0.0,3,0,24,24
2025-01-22,Ottawa,OTT_01,PWHL Ottawa Arena,Club,636,45055.0,72.34463276836158,1128,0.5638297872340425,-15.47,-21.5,-11.1,68.83,7.85,0.5,9,4,24,24
2025-01-22,Ottawa,OTT_01,PWHL Ottawa Arena,Lower Bowl,1421,100970.0,74.16666666666667,2632,0.5398936170212766,-15.47,-21.5,-11.1,68.83,7.85,0.5,9,4,24,24
2025-01-22,Ottawa,OTT_01,PWHL Ottawa Arena,Standing Room,231,15610.0,73.92857142857143,376,0.6143617021276596,-15.47,-21.5,-11.1,68.83,7.85,0.5,9,4,24,24
2025-01-22,Ottawa,OTT_01,PWHL Ottawa Arena,Suite,419,33990.0,81.9396551724138,752,0.5571808510638298,-15.47,-21.5,-11.1,68.83,7.85,0.5,9,4,24,24
2025-01-22,Ottawa,OTT_01,PWHL Ottawa Arena,Upper Bowl,1418,109795.0,76.99238578680203,2632,0.5387537993920972,-15.47,-21.5,-11.1,68.83,7.85,0.5,9,4,24,24
2025-01-22,Toronto,TOR_01,PWHL Toronto Arena,Club,636,45055.0,72.34463276836158,1128,0.5638297872340425,-13.54,-19.2,-8.2,65.62,15.01,0.5,23,5,24,24
2025-01-22,Toronto,TOR_01,PWHL Toronto Arena,Lower Bowl,1421,100970.0,74.16666666666667,2632,0.5398936170212766,-13.54,-19.2,-8.2,65.62,15.01,0.5,23,5,24,24
2025-01-22,Toronto,TOR_01,PWHL Toronto Arena,Standing Room,231,15610.0,73.92857142857143,376,0.6143617021276596,-13.54,-19.2,-8.2,65.62,15.01,0.5,23,5,24,24
2025-01-22,Toronto,TOR_01,PWHL Toronto Arena,Suite,419,33990.0,81.9396551724138,752,0.5571808510638298,-13.54,-19.2,-8.2,65.62,15.01,0.5,23,5,24,24
2025-01-22,Toronto,TOR_01,PWHL Toronto Arena,Upper Bowl,1418,109795.0,76.99238578680203,2632,0.5387537993920972,-13.54,-19.2,-8.2,65.62,15.01,0.5,23,5,24,24
2025-01-22,Washington,WAS_01,PWHL Washington Arena,Club,636,45055.0,72.34463276836158,1128,0.5638297872340425,-10.71,-13.7,-8.2,56.71,6.49,0.0,8,0,24,24
2025-01-22,Washington,WAS_01,PWHL Washington Arena,Lower Bowl,1421,100970.0,74.16666666666667,2632,0.5398936170212766,-10.71,-13.7,-8.2,56.71,6.49,0.0,8,0,24,24
2025-01-22,Washington,WAS_01,PWHL Washington Arena,Standing Room,231,15610.0,73.92857142857143,376,0.6143617021276596,-10.71,-13.7,-8.2,56.71,6.49,0.0,8,0,24,24
2025-01-22,Washington,WAS_01,PWHL Washington Arena,Suite,419,33990.0,81.9396551724138,752,0.5571808510638298,-10.71,-13.7,-8.2,56.71,6.49,0.0,8,0,24,24
2025-01-22,Washington,WAS_01,PWHL Washington Arena,Upper Bowl,1418,109795.0,76.99238578680203,2632,0.5387537993920972,-10.71,-13.7,-8.2,56.71,6.49,0.0,8,0,24,24
2025-01-27,Boston,BOS_01,PWHL Boston Arena,Club,563,39475.0,71.92771084337349,1203,0.4679966749792186,-2.33,-7.2,1.4,59.08,16.42,0.0,24,0,17,24
2025-01-27,Boston,BOS_01,PWHL Boston Arena,Lower Bowl,1435,102670.0,71.72749391727494,2807,0.5112219451371571,-2.33,-7.2,1.4,59.08,16.42,0.0,24,0,17,24
2025-01-27,Boston,BOS_01,PWHL Boston Arena,Standing Room,258,21795.0,83.17567567567568,401,0.6433915211970075,-2.33,-7.2,1.4,59.08,16.42,0.0,24,0,17,24
2025-01-27,Boston,BOS_01,PWHL Boston Arena,Suite,454,33780.0,72.93650793650794,802,0.5660847880299252,-2.33,-7.2,1.4,59.08,16.42,0.0,24,0,17,24
2025-01-27,Boston,BOS_01,PWHL Boston Arena,Upper Bowl,1498,104570.0,72.08235294117647,2807,0.5336658354114713,-2.33,-7.2,1.4,59.08,16.42,0.0,24,0,17,24
2025-01-27,Chicago,CHI_01,PWHL Chicago Arena,Club,563,39475.0,71.92771084337349,1203,0.4679966749792186,-1.95,-7.7,3.8,47.96,20.01,0.0,24,0,13,24
2025-01-27,Chicago,CHI_01,PWHL Chicago Arena,Lower Bowl,1435,102670.0,71.72749391727494,2807,0.5112219451371571,-1.95,-7.7,3.8,47.96,20.01,0.0,24,0,13,24
2025-01-27,Chicago,CHI_01,PWHL Chicago Arena,Standing Room,258,21795.0,83.17567567567568,401,0.6433915211970075,-1.95,-7.7,3.8,47.96,20.01,0.0,24,0,13,24
2025-01-27,Chicago,CHI_01,PWHL Chicago Arena,Suite,454,33780.0,72.93650793650794,802,0.5660847880299252,-1.95,-7.7,3.8,47.96,20.01,0.0,24,0,13,24
2025-01-27,Chicago,CHI_01,PWHL Chicago Arena,Upper Bowl,1498,104570.0,72.08235294117647,2807,0.5336658354114713,-1.95,-7.7,3.8,47.96,20.01,0.0,24,0,13,24
2025-01-27,Minneapolis,MSP_01,PWHL Minnesota Arena,Club,563,39475.0,71.92771084337349,1203,0.4679966749792186,-2.65,-6.1,0.7,62.92,17.05,0.1,24,1,21,24
2025-01-27,Minneapolis,MSP_01,PWHL Minnesota Arena,Lower Bowl,1435,102670.0,71.72749391727494,2807,0.5112219451371571,-2.65,-6.1,0.7,62.92,17.05,0.1,24,1,21,24
2025-01-27,Minneapolis,MSP_01,PWHL Minnesota Arena,Standing Room,258,21795.0,83.17567567567568,401,0.6433915211970075,-2.65,-6.1,0.7,62.92,17.05,0.1,24,1,21,24
2025-01-27,Minneapolis,MSP_01,PWHL Minnesota Arena,Suite,454,33780.0,72.93650793650794,802,0.5660847880299252,-2.65,-6.1,0.7,62.92,17.05,0.1,24,1,21,24
2025-01-27,Minneapolis,MSP_01,PWHL Minnesota Arena,Upper Bowl,1498,104570.0,72.08235294117647,2807,0.5336658354114713,-2.65,-6.1,0.7,62.92,17.05,0.1,24,1,21,24
2025-01-27,Montreal,MTL_01,PWHL Montreal Arena,Club,563,39475.0,71.92771084337349,1203,0.4679966749792186,-3.37,-8.1,-0.7,75.54,25.93,2.0,24,8,24,24
2025-01-27,Montreal,MTL_01,PWHL Montreal Arena,Lower Bowl,1435,102670.0,71.72749391727494,2807,0.5112219451371571,-3.37,-8.1,-0.7,75.54,25.93,2.0,24,8,24,24
2025-01-27,Montreal,MTL_01,PWHL Montreal Arena,Standing Room,258,21795.0,83.17567567567568,401,0.6433915211970075,-3.37,-8.1,-0.7,75.54,25.93,2.0,24,8,24,24
2025-01-27,Montreal,MTL_01,PWHL Montreal Arena,Suite,454,33780.0,72.93650793650794,802,0.5660847880299252,-3.37,-8.1,-0.7,75.54,25.93,2.0,24,8,24,24
2025-01-27,Montreal,MTL_01,PWHL Montreal Arena,Upper Bowl,1498,104570.0,72.08235294117647,2807,0.5336658354114713,-3.37,-8.1,-0.7,75.54,25.93,2.0,24,8,24,24
2025-01-27,New York,NYC_01,PWHL New York Arena,Club,563,39475.0,71.92771084337349,1203,0.4679966749792186,-1.22,-5.0,1.9,58.08,11.82,0.0,20,0,14,24
2025-01-27,New York,NYC_01,PWHL New York Arena,Lower Bowl,1435,102670.0,71.72749391727494,2807,0.5112219451371571,-1.22,-5.0,1.9,58.08,11.82,0.0,20,0,14,24
2025-01-27,New York,NYC_01,PWHL New York Arena,Standing Room,258,21795.0,83.17567567567568,401,0.6433915211970075,-1.22,-5.0,1.9,58.08,11.82,0.0,20,0,14,24
2025-01-27,New York,NYC_01,PWHL New York Arena,Suite,454,33780.0,72.93650793650794,802,0.5660847880299252,-1.22,-5.0,1.9,58.08,11.82,0.0,20,0,14,24
2025-01-27,New York,NYC_01,PWHL New York Arena,Upper Bowl,1498,104570.0,72.08235294117647,2807,0.5336658354114713,-1.22,-5.0,1.9,58.08,11.82,0.0,20,0,14,24
2025-01-27,Ottawa,OTT_01,PWHL Ottawa Arena,Club,563,39475.0,71.92771084337349,1203,0.4679966749792186,-3.18,-6.2,-0.9,73.96,25.95,0.8,24,4,24,24
2025-01-27,Ottawa,OTT_01,PWHL Ottawa Arena,Lower Bowl,1435,102670.0,71.72749391727494,2807,0.5112219451371571,-3.18,-6.2,-0.9,73.96,25.95,0.8,24,4,24,24
2025-01-27,Ottawa,OTT_01,PWHL Ottawa Arena,Standing Room,258,21795.0,83.17567567567568,401,0.6433915211970075,-3.18,-6.2,-0.9,73.96,25.95,0.8,24,4,24,24
2025-01-27,Ottawa,OTT_01,PWHL Ottawa Arena,Suite,454,33780.0,72.93650793650794,802,0.5660847880299252,-3.18,-6.2,-0.9,73.96,25.95,0.8,24,4,24,24
2025-01-27,Ottawa,OTT_01,PWHL Ottawa Arena,Upper Bowl,1498,104570.0,72.08235294117647,2807,0.5336658354114713,-3.18,-6.2,-0.9,73.96,25.95,0.8,24,4,24,24
2025-01-27,Toronto,TOR_01,PWHL Toronto Arena,Club,563,39475.0,71.92771084337349,1203,0.4679966749792186,-2.88,-5.6,0.0,65.67,23.31,1.1,24,4,24,24
2025-01-27,Toronto,TOR_01,PWHL Toronto Arena,Lower Bowl,1435,102670.0,71.72749391727494,2807,0.5112219451371571,-2.88,-5.6,0.0,65.67,23.31,1.1,24,4,24,24
2025-01-27,Toronto,TOR_01,PWHL Toronto Arena,Standing Room,258,21795.0,83.17567567567568,401,0.6433915211970075,-2.88,-5.6,0.0,65.67,23.31,1.1,24,4,24,24
2025-01-27,Toronto,TOR_01,PWHL Toronto Arena,Suite,454,33780.0,72.93650793650794,802,0.5660847880299252,-2.88,-5.6,0.0,65.67,23.31,1.1,24,4,24,24
2025-01-27,Toronto,TOR_01,PWHL Toronto Arena,Upper Bowl,1498,104570.0,72.08235294117647,2807,0.5336658354114713,-2.88,-5.6,0.0,65.67,23.31,1.1,24,4,24,24
2025-01-27,Washington,WAS_01,PWHL Washington Arena,Club,563,39475.0,71.92771084337349,1203,0.4679966749792186,1.94,-2.7,7.9,53.92,9.02,0.0,16,0,9,24
2025-01-27,Washington,WAS_01,PWHL Washington Arena,Lower Bowl,1435,102670.0,71.72749391727494,2807,0.5112219451371571,1.94,-2.7,7.9,53.92,9.02,0.0,16,0,9,24
2025-01-27,Washington,WAS_01,PWHL Washington Arena,Standing Room,258,21795.0,83.17567567567568,401,0.6433915211970075,1.94,-2.7,7.9,53.92,9.02,0.0,16,0,9,24
2025-01-27,Washington,WAS_01,PWHL Washington Arena,Suite,454,33780.0,72.93650793650794,802,0.5660847880299252,1.94,-2.7,7.9,53.92,9.02,0.0,16,0,9,24
2025-01-27,Washington,WAS_01,PWHL Washington Arena,Upper Bowl,1498,104570.0,72.08235294117647,2807,0.5336658354114713,1.94,-2.7,7.9,53.92,9.02,0.0,16,0,9,24
2025-01-31,Boston,BOS_01,PWHL Boston Arena,Club,420,35300.0,83.52459016393442,1134,0.37037037037037035,1.16,-4.3,4.3,82.08,11.45,13.9,18,13,6,24
2025-01-31,Boston,BOS_01,PWHL Boston Arena,Lower Bowl,1082,83960.0,76.74757281553399,2646,0.4089191232048375,1.16,-4.3,4.3,82.08,11.45,13.9,18,13,6,24
2025-01-31,Boston,BOS_01,PWHL Boston Arena,Standing Room,152,10070.0,72.25,378,0.4021164021164021,1.16,-4.3,4.3,82.08,11.45,13.9,18,13,6,24
2025-01-31,Boston,BOS_01,PWHL Boston Arena,Suite,375,29535.0,77.05,756,0.49603174603174605,1.16,-4.3,4.3,82.08,11.45,13.9,18,13,6,24
2025-01-31,Boston,BOS_01,PWHL Boston Arena,Upper Bowl,1197,87230.0,73.32335329341318,2646,0.4523809523809524,1.16,-4.3,4.3,82.08,11.45,13.9,18,13,6,24
2025-01-31,Chicago,CHI_01,PWHL Chicago Arena,Club,420,35300.0,83.52459016393442,1134,0.37037037037037035,1.99,0.5,3.8,92.17,17.63,29.9,21,15,0,24
2025-01-31,Chicago,CHI_01,PWHL Chicago Arena,Lower Bowl,1082,83960.0,76.74757281553399,2646,0.4089191232048375,1.99,0.5,3.8,92.17,17.63,29.9,21,15,0,24
2025-01-31,Chicago,CHI_01,PWHL Chicago Arena,Standing Room,152,10070.0,72.25,378,0.4021164021164021,1.99,0.5,3.8,92.17,17.63,29.9,21,15,0,24
2025-01-31,Chicago,CHI_01,PWHL Chicago Arena,Suite,375,29535.0,77.05,756,0.49603174603174605,1.99,0.5,3.8,92.17,17.63,29.9,21,15,0,24
2025-01-31,Chicago,CHI_01,PWHL Chicago Arena,Upper Bowl,1197,87230.0,73.32335329341318,2646,0.4523809523809524,1.99,0.5,3.8,92.17,17.63,29.9,21,15,0,24
2025-01-31,Minneapolis,MSP_01,PWHL Minnesota Arena,Club,420,35300.0,83.52459016393442,1134,0.37037037037037035,0.11,-3.5,4.1,62.88,12.2,0.0,24,0,13,24
2025-01-31,Minneapolis,MSP_01,PWHL Minnesota Arena,Lower Bowl,1082,83960.0,76.74757281553399,2646,0.4089191232048375,0.11,-3.5,4.1,62.88,12.2,0.0,24,0,13,24
2025-01-31,Minneapolis,MSP_01,PWHL Minnesota Arena,Standing Room,152,10070.0,72.25,378,0.4021164021164021,0.11,-3.5,4.1,62.88,12.2,0.0,24,0,13,24
2025-01-31,Minneapolis,MSP_01,PWHL Minnesota Arena,Suite,375,29535.0,77.05,756,0.49603174603174605,0.11,-3.5,4.1,62.88,12.2,0.0,24,0,13,24
2025-01-31,Minneapolis,MSP_01,PWHL Minnesota Arena,Upper Bowl,1197,87230.0,73.32335329341318,2646,0.4523809523809524,0.11,-3.5,4.1,62.88,12.2,0.0,24,0,13,24
2025-01-31,Montreal,MTL_01,PWHL Montreal Arena,Club,420,35300.0,83.52459016393442,1134,0.37037037037037035,-8.42,-12.2,-6.4,82.75,5.9,0.8,7,4,24,24
2025-01-31,Montreal,MTL_01,PWHL Montreal Arena,Lower Bowl,1082,83960.0,76.74757281553399,2646,0.4089191232048375,-8.42,-12.2,-6.4,82.75,5.9,0.8,7,4,24,24
2025-01-31,Montreal,MTL_01,PWHL Montreal Arena,Standing Room,152,10070.0,72.25,378,0.4021164021164021,-8.42,-12.2,-6.4,82.75,5.9,0.8,7,4,24,24
2025-01-31,Montreal,MTL_01,PWHL Montreal Arena,Suite,375,29535.0,77.05,756,0.49603174603174605,-8.42,-12.2,-6.4,82.75,5.9,0.8,7,4,24,24
2025-01-31,Montreal,MTL_01,PWHL Montreal Arena,Upper Bowl,1197,87230.0,73.32335329341318,2646,0.4523809523809524,-8.42,-12.2,-6.4,82.75,5.9,0.8,7,4,24,24
2025-01-31,New York,NYC_01,PWHL New York Arena,Club,420,35300.0,83.52459016393442,1134,0.37037037037037035,3.73,0.9,6.1,91.29,7.25,11.2,12,19,0,24
2025-01-31,New York,NYC_01,PWHL New York Arena,Lower Bowl,1082,83960.0,76.74757281553399,2646,0.4089191232048375,3.73,0.9,6.1,91.29,7.25,11.2,12,19,0,24
2025-01-31,New York,NYC_01,PWHL New York Arena,Standing Room,152,10070.0,72.25,378,0.4021164021164021,3.73,0.9,6.1,91.29,7.25,11.2,12,19,0,24
2025-01-31,New York,NYC_01,PWHL New York Arena,Suite,375,29535.0,77.05,756,0.49603174603174605,3.73,0.9,6.1,91.29,7.25,11.2,12,19,0,24
2025-01-31,New York,NYC_01,PWHL New York Arena,Upper Bowl,1197,87230.0,73.32335329341318,2646,0.4523809523809524,3.73,0.9,6.1,91.29,7.25,11.2,12,19,0,24
2025-01-31,Ottawa,OTT_01,PWHL Ottawa Arena,Club,420,35300.0,83.52459016393442,1134,0.37037037037037035,-6.62,-11.2,-2.0,77.17,9.09,0.0,11,0,24,24
2025-01-31,Ottawa,OTT_01,PWHL Ottawa Arena,Lower Bowl,1082,83960.0,76.74757281553399,2646,0.4089191232048375,-6.62,-11.2,-2.0,77.17,9.09,0.0,11,0,24,24
2025-01-31,Ottawa,OTT_01,PWHL Ottawa Arena,Standing Room,152,10070.0,72.25,378,0.4021164021164021,-6.62,-11.2,-2.0,77.17,9.09,0.0,11,0,24,24
2025-01-31,Ottawa,OTT_01,PWHL Ottawa Arena,Suite,375,29535.0,77.05,756,0.49603174603174605,-6.62,-11.2,-2.0,77.17,9.09,0.0,11,0,24,24
2025-01-31,Ottawa,OTT_01,PWHL Ottawa Arena,Upper Bowl,1197,87230.0,73.32335329341318,2646,0.4523809523809524,-6.62,-11.2,-2.0,77.17,9.09,0.0,11,0,24,24
2025-01-31,Toronto,TOR_01,PWHL Toronto Arena,Club,420,35300.0,83.52459016393442,1134,0.37037037037037035,-0.07,-4.5,1.7,83.88,10.33,1.3,15,4,12,24
2025-01-31,Toronto,TOR_01,PWHL Toronto Arena,Lower Bowl,1082,83960.0,76.74757281553399,2646,0.4089191232048375,-0.07,-4.5,1.7,83.88,10.33,1.3,15,4,12,24
2025-01-31,Toronto,TOR_01,PWHL Toronto Arena,Standing Room,152,10070.0,72.25,378,0.4021164021164021,-0.07,-4.5,1.7,83.88,10.33,1.3,15,4,12,24
2025-01-31,Toronto,TOR_01,PWHL Toronto Arena,Suite,375,29535.0,77.05,756,0.49603174603174605,-0.07,-4.5,1.7,83.88,10.33,1.3,15,4,12,24
2025-01-31,Toronto,TOR_01,PWHL Toronto Arena,Upper Bowl,1197,87230.0,73.32335329341318,2646,0.4523809523809524,-0.07,-4.5,1.7,83.88,10.33,1.3,15,4,12,24
2025-01-31,Washington,WAS_01,PWHL Washington Arena,Club,420,35300.0,83.52459016393442,1134,0.37037037037037035,7.59,4.2,10.8,91.67,15.48,22.9,24,21,0,24
2025-01-31,Washington,WAS_01,PWHL Washington Arena,Lower Bowl,1082,83960.0,76.74757281553399,2646,0.4089191232048375,7.59,4.2,10.8,91.67,15.48,22.9,24,21,0,24
2025-01-31,Washington,WAS_01,PWHL Washington Arena,Standing Room,152,10070.0,72.25,378,0.4021164021164021,7.59,4.2,10.8,91.67,15.48,22.9,24,21,0,24
2025-01-31,Washington,WAS_01,PWHL Washington Arena,Suite,375,29535.0,77.05,756,0.49603174603174605,7.59,4.2,10.8,91.67,15.48,22.9,24,21,0,24
2025-01-31,Washington,WAS_01,PWHL Washington Arena,Upper Bowl,1197,87230.0,73.32335329341318,2646,0.4523809523809524,7.59,4.2,10.8,91.67,15.48,22.9,24,21,0,24
2025-02-03,Boston,BOS_01,PWHL Boston Arena,Club,688,51640.0,74.6774193548387,1177,0.5845369583687341,1.28,-4.7,4.2,85.79,10.44,2.5,14,6,8,24
2025-02-03,Boston,BOS_01,PWHL Boston Arena,Lower Bowl,1440,110060.0,76.18811881188118,2747,0.5242082271568984,1.28,-4.7,4.2,85.79,10.44,2.5,14,6,8,24
2025-02-03,Boston,BOS_01,PWHL Boston Arena,Standing Room,180,12035.0,71.56862745098039,392,0.45918367346938777,1.28,-4.7,4.2,85.79,10.44,2.5,14,6,8,24
2025-02-03,Boston,BOS_01,PWHL Boston Arena,Suite,534,40700.0,76.09677419354838,785,0.6802547770700637,1.28,-4.7,4.2,85.79,10.44,2.5,14,6,8,24
2025-02-03,Boston,BOS_01,PWHL Boston Arena,Upper Bowl,1632,120530.0,73.61725663716814,2747,0.5941026574444849,1.28,-4.7,4.2,85.79,10.44,2.5,14,6,8,24
2025-02-03,Chicago,CHI_01,PWHL Chicago Arena,Club,688,51640.0,74.6774193548387,1177,0.5845369583687341,3.02,0.6,6.9,91.21,12.92,0.0,19,0,0,24
2025-02-03,Chicago,CHI_01,PWHL Chicago Arena,Lower Bowl,1440,110060.0,76.18811881188118,2747,0.5242082271568984,3.02,0.6,6.9,91.21,12.92,0.0,19,0,0,24
2025-02-03,Chicago,CHI_01,PWHL Chicago Arena,Standing Room,180,12035.0,71.56862745098039,392,0.45918367346938777,3.02,0.6,6.9,91.21,12.92,0.0,19,0,0,24
2025-02-03,Chicago,CHI_01,PWHL Chicago Arena,Suite,534,40700.0,76.09677419354838,785,0.6802547770700637,3.02,0.6,6.9,91.21,12.92,0.0,19,0,0,24
2025-02-03,Chicago,CHI_01,PWHL Chicago Arena,Upper Bowl,1632,120530.0,73.61725663716814,2747,0.5941026574444849,3.02,0.6,6.9,91.21,12.92,0.0,19,0,0,24
2025-02-03,Minneapolis,MSP_01,PWHL Minnesota Arena,Club,688,51640.0,74.6774193548387,1177,0.5845369583687341,-6.0,-15.4,-1.3,76.29,15.38,1.6,24,8,24,24
2025-02-03,Minneapolis,MSP_01,PWHL Minnesota Arena,Lower Bowl,1440,110060.0,76.18811881188118,2747,0.5242082271568984,-6.0,-15.4,-1.3,76.29,15.38,1.6,24,8,24,24
2025-02-03,Minneapolis,MSP_01,PWHL Minnesota Arena,Standing Room,180,12035.0,71.56862745098039,392,0.45918367346938777,-6.0,-15.4,-1.3,76.29,15.38,1.6,24,8,24,24
2025-02-03,Minneapolis,MSP_01,PWHL Minnesota Arena,Suite,534,40700.0,76.09677419354838,785,0.6802547770700637,-6.0,-15.4,-1.3,76.29,15.38,1.6,24,8,24,24
2025-02-03,Minneapolis,MSP_01,PWHL Minnesota Arena,Upper Bowl,1632,120530.0,73.61725663716814,2747,0.5941026574444849,-6.0,-15.4,-1.3,76.29,15.38,1.6,24,8,24,24
2025-02-03,Montreal,MTL_01,PWHL Montreal Arena,Club,688,51640.0,74.6774193548387,1177,0.5845369583687341,-4.07,-8.4,0.0,89.29,10.66,5.2,17,11,24,24
2025-02-03,Montreal,MTL_01,PWHL Montreal Arena,Lower Bowl,1440,110060.0,76.18811881188118,2747,0.5242082271568984,-4.07,-8.4,0.0,89.29,10.66,5.2,17,11,24,24
2025-02-03,Montreal,MTL_01,PWHL Montreal Arena,Standing Room,180,12035.0,71.56862745098039,392,0.45918367346938777,-4.07,-8.4,0.0,89.29,10.66,5.2,17,11,24,24
2025-02-03,Montreal,MTL_01,PWHL Montreal Arena,Suite,534,40700.0,76.09677419354838,785,0.6802547770700637,-4.07,-8.4,0.0,89.29,10.66,5.2,17,11,24,24
2025-02-03,Montreal,MTL_01,PWHL Montreal Arena,Upper Bowl,1632,120530.0,73.61725663716814,2747,0.5941026574444849,-4.07,-8.4,0.0,89.29,10.66,5.2,17,11,24,24
2025-02-03,New York,NYC_01,PWHL New York Arena,Club,688,51640.0,74.6774193548387,1177,0.5845369583687341,1.91,-3.2,6.0,84.83,6.27,0.4,7,2,9,24
2025-02-03,New York,NYC_01,PWHL New York Arena,Lower Bowl,1440,110060.0,76.18811881188118,2747,0.5242082271568984,1.91,-3.2,6.0,84.83,6.27,0.4,7,2,9,24
2025-02-03,New York,NYC_01,PWHL New York Arena,Standing Room,180,12035.0,71.56862745098039,392,0.45918367346938777,1.91,-3.2,6.0,84.83,6.27,0.4,7,2,9,24
2025-02-03,New York,NYC_01,PWHL New York Arena,Suite,534,40700.0,76.09677419354838,785,0.6802547770700637,1.91,-3.2,6.0,84.83,6.27,0.4,7,2,9,24
2025-02-03,New York,NYC_01,PWHL New York Arena,Upper Bowl,1632,120530.0,73.61725663716814,2747,0.5941026574444849,1.91,-3.2,6.0,84.83,6.27,0.4,7,2,9,24
2025-02-03,Ottawa,OTT_01,PWHL Ottawa Arena,Club,688,51640.0,74.6774193548387,1177,0.5845369583687341,-5.97,-12.0,-0.7,86.79,9.06,4.2,13,11,24,24
2025-02-03,Ottawa,OTT_01,PWHL Ottawa Arena,Lower Bowl,1440,110060.0,76.18811881188118,2747,0.5242082271568984,-5.97,-12.0,-0.7,86.79,9.06,4.2,13,11,24,24
2025-02-03,Ottawa,OTT_01,PWHL Ottawa Arena,Standing Room,180,12035.0,71.56862745098039,392,0.45918367346938777,-5.97,-12.0,-0.7,86.79,9.06,4.2,13,11,24,24
2025-02-03,Ottawa,OTT_01,PWHL Ottawa Arena,Suite,534,40700.0,76.09677419354838,785,0.6802547770700637,-5.97,-12.0,-0.7,86.79,9.06,4.2,13,11,24,24
2025-02-03,Ottawa,OTT_01,PWHL Ottawa Arena,Upper Bowl,1632,120530.0,73.61725663716814,2747,0.5941026574444849,-5.97,-12.0,-0.7,86.79,9.06,4.2,13,11,24,24
2025-02-03,Toronto,TOR_01,PWHL Toronto Arena,Club,688,51640.0,74.6774193548387,1177,0.5845369583687341,-0.51,-5.2,2.0,90.25,8.12,4.7,14,10,10,24
2025-02-03,Toronto,TOR_01,PWHL Toronto Arena,Lower Bowl,1440,110060.0,76.18811881188118,2747,0.5242082271568984,-0.51,-5.2,2.0,90.25,8.12,4.7,14,10,10,24
2025-02-03,Toronto,TOR_01,PWHL Toronto Arena,Standing Room,180,12035.0,71.56862745098039,392,0.45918367346938777,-0.51,-5.2,2.0,90.25,8.12,4.7,14,10,10,24
2025-02-03,Toronto,TOR_01,PWHL Toronto Arena,Suite,534,40700.0,76.09677419354838,785,0.6802547770700637,-0.51,-5.2,2.0,90.25,8.12,4.7,14,10,10,24
2025-02-03,Toronto,TOR_01,PWHL Toronto Arena,Upper Bowl,1632,120530.0,73.61725663716814,2747,0.5941026574444849,-0.51,-5.2,2.0,90.25,8.12,4.7,14,10,10,24
2025-02-03,Washington,WAS_01,PWHL Washington Arena,Club,688,51640.0,74.6774193548387,1177,0.5845369583687341,5.53,-0.2,11.0,74.96,8.85,0.0,11,0,1,24
2025-02-03,Washington,WAS_01,PWHL Washington Arena,Lower Bowl,1440,110060.0,76.18811881188118,2747,0.5242082271568984,5.53,-0.2,11.0,74.96,8.85,0.0,11,0,1,24
2025-02-03,Washington,WAS_01,PWHL Washington Arena,Standing Room,180,12035.0,71.56862745098039,392,0.45918367346938777,5.53,-0.2,11.0,74.96,8.85,0.0,11,0,1,24
2025-02-03,Washington,WAS_01,PWHL Washington Arena,Suite,534,40700.0,76.09677419354838,785,0.6802547770700637,5.53,-0.2,11.0,74.96,8.85,0.0,11,0,1,24
2025-02-03,Washington,WAS_01,PWHL Washington Arena,Upper Bowl,1632,120530.0,73.61725663716814,2747,0.5941026574444849,5.53,-0.2,11.0,74.96,8.85,0.0,11,0,1,24
2025-02-08,Boston,BOS_01,PWHL Boston Arena,Club,481,37315.0,79.35606060606061,1159,0.41501294219154444,-3.44,-7.7,0.3,66.83,7.64,1.2,14,2,21,24
2025-02-08,Boston,BOS_01,PWHL Boston Arena,Lower Bowl,1121,85375.0,76.53495440729483,2706,0.41426459719142644,-3.44,-7.7,0.3,66.83,7.64,1.2,14,2,21,24
2025-02-08,Boston,BOS_01,PWHL Boston Arena,Standing Room,114,7985.0,71.17647058823529,386,0.29533678756476683,-3.44,-7.7,0.3,66.83,7.64,1.2,14,2,21,24
2025-02-08,Boston,BOS_01,PWHL Boston Arena,Suite,298,21935.0,70.29411764705883,773,0.3855109961190168,-3.44,-7.7,0.3,66.83,7.64,1.2,14,2,21,24
2025-02-08,Boston,BOS_01,PWHL Boston Arena,Upper Bowl,1186,89430.0,74.40298507462687,2706,0.43828529194382854,-3.44,-7.7,0.3,66.83,7.64,1.2,14,2,21,24
2025-02-08,Chicago,CHI_01,PWHL Chicago Arena,Club,481,37315.0,79.35606060606061,1159,0.41501294219154444,-1.41,-2.9,-0.2,74.38,11.68,0.4,23,4,24,24
2025-02-08,Chicago,CHI_01,PWHL Chicago Arena,Lower Bowl,1121,85375.0,76.53495440729483,2706,0.41426459719142644,-1.41,-2.9,-0.2,74.38,11.68,0.4,23,4,24,24
2025-02-08,Chicago,CHI_01,PWHL Chicago Arena,Standing Room,114,7985.0,71.17647058823529,386,0.29533678756476683,-1.41,-2.9,-0.2,74.38,11.68,0.4,23,4,24,24
2025-02-08,Chicago,CHI_01,PWHL Chicago Arena,Suite,298,21935.0,70.29411764705883,773,0.3855109961190168,-1.41,-2.9,-0.2,74.38,11.68,0.4,23,4,24,24
2025-02-08,Chicago,CHI_01,PWHL Chicago Arena,Upper Bowl,1186,89430.0,74.40298507462687,2706,0.43828529194382854,-1.41,-2.9,-0.2,74.38,11.68,0.4,23,4,24,24
2025-02-08,Minneapolis,MSP_01,PWHL Minnesota Arena,Club,481,37315.0,79.35606060606061,1159,0.41501294219154444,-8.59,-15.4,-6.7,82.29,12.62,4.3,24,14,24,24
2025-02-08,Minneapolis,MSP_01,PWHL Minnesota Arena,Lower Bowl,1121,85375.0,76.53495440729483,2706,0.41426459719142644,-8.59,-15.4,-6.7,82.29,12.62,4.3,24,14,24,24
2025-02-08,Minneapolis,MSP_01,PWHL Minnesota Arena,Standing Room,114,7985.0,71.17647058823529,386,0.29533678756476683,-8.59,-15.4,-6.7,82.29,12.62,4.3,24,14,24,24
2025-02-08,Minneapolis,MSP_01,PWHL Minnesota Arena,Suite,298,21935.0,70.29411764705883,773,0.3855109961190168,-8.59,-15.4,-6.7,82.29,12.62,4.3,24,14,24,24
2025-02-08,Minneapolis,MSP_01,PWHL Minnesota Arena,Upper Bowl,1186,89430.0,74.40298507462687,2706,0.43828529194382854,-8.59,-15.4,-6.7,82.29,12.62,4.3,24,14,24,24
2025-02-08,Montreal,MTL_01,PWHL Montreal Arena,Club,481,37315.0,79.35606060606061,1159,0.41501294219154444,-9.75,-12.4,-7.4,76.29,8.33,0.1,16,1,24,24
2025-02-08,Montreal,MTL_01,PWHL Montreal Arena,Lower Bowl,1121,85375.0,76.53495440729483,2706,0.41426459719142644,-9.75,-12.4,-7.4,76.29,8.33,0.1,16,1,24,24
2025-02-08,Montreal,MTL_01,PWHL Montreal Arena,Standing Room,114,7985.0,71.17647058823529,386,0.29533678756476683,-9.75,-12.4,-7.4,76.29,8.33,0.1,16,1,24,24
2025-02-08,Montreal,MTL_01,PWHL Montreal Arena,Suite,298,21935.0,70.29411764705883,773,0.3855109961190168,-9.75,-12.4,-7.4,76.29,8.33,0.1,16,1,24,24
2025-02-08,Montreal,MTL_01,PWHL Montreal Arena,Upper Bowl,1186,89430.0,74.40298507462687,2706,0.43828529194382854,-9.75,-12.4,-7.4,76.29,8.33,0.1,16,1,24,24
2025-02-08,New York,NYC_01,PWHL New York Arena,Club,481,37315.0,79.35606060606061,1159,0.41501294219154444,-1.87,-4.5,1.0,60.38,5.94,10.0,5,5,20,24
2025-02-08,New York,NYC_01,PWHL New York Arena,Lower Bowl,1121,85375.0,76.53495440729483,2706,0.41426459719142644,-1.87,-4.5,1.0,60.38,5.94,10.0,5,5,20,24
2025-02-08,New York,NYC_01,PWHL New York Arena,Standing Room,114,7985.0,71.17647058823529,386,0.29533678756476683,-1.87,-4.5,1.0,60.38,5.94,10.0,5,5,20,24
2025-02-08,New York,NYC_01,PWHL New York Arena,Suite,298,21935.0,70.29411764705883,773,0.3855109961190168,-1.87,-4.5,1.0,60.38,5.94,10.0,5,5,20,24
2025-02-08,New York,NYC_01,PWHL New York Arena,Upper Bowl,1186,89430.0,74.40298507462687,2706,0.43828529194382854,-1.87,-4.5,1.0,60.38,5.94,10.0,5,5,20,24
2025-02-08,Ottawa,OTT_01,PWHL Ottawa Arena,Club,481,37315.0,79.35606060606061,1159,0.41501294219154444,-9.01,-13.4,-5.6,74.29,6.92,0.4,5,4,24,24
2025-02-08,Ottawa,OTT_01,PWHL Ottawa Arena,Lower Bowl,1121,85375.0,76.53495440729483,2706,0.41426459719142644,-9.01,-13.4,-5.6,74.29,6.92,0.4,5,4,24,24
2025-02-08,Ottawa,OTT_01,PWHL Ottawa Arena,Standing Room,114,7985.0,71.17647058823529,386,0.29533678756476683,-9.01,-13.4,-5.6,74.29,6.92,0.4,5,4,24,24
2025-02-08,Ottawa,OTT_01,PWHL Ottawa Arena,Suite,298,21935.0,70.29411764705883,773,0.3855109961190168,-9.01,-13.4,-5.6,74.29,6.92,0.4,5,4,24,24
2025-02-08,Ottawa,OTT_01,PWHL Ottawa Arena,Upper Bowl,1186,89430.0,74.40298507462687,2706,0.43828529194382854,-9.01,-13.4,-5.6,74.29,6.92,0.4,5,4,24,24
2025-02-08,Toronto,TOR_01,PWHL Toronto Arena,Club,481,37315.0,79.35606060606061,1159,0.41501294219154444,-5.41,-10.3,-2.2,79.75,9.9,6.5,14,9,24,24
2025-02-08,Toronto,TOR_01,PWHL Toronto Arena,Lower Bowl,1121,85375.0,76.53495440729483,2706,0.41426459719142644,-5.41,-10.3,-2.2,79.75,9.9,6.5,14,9,24,24
2025-02-08,Toronto,TOR_01,PWHL Toronto Arena,Standing Room,114,7985.0,71.17647058823529,386,0.29533678756476683,-5.41,-10.3,-2.2,79.75,9.9,6.5,14,9,24,24
2025-02-08,Toronto,TOR_01,PWHL Toronto Arena,Suite,298,21935.0,70.29411764705883,773,0.3855109961190168,-5.41,-10.3,-2.2,79.75,9.9,6.5,14,9,24,24
2025-02-08,Toronto,TOR_01,PWHL Toronto Arena,Upper Bowl,1186,89430.0,74.40298507462687,2706,0.43828529194382854,-5.41,-10.3,-2.2,79.75,9.9,6.5,14,9,24,24
2025-02-08,Washington,WAS_01,PWHL Washington Arena,Club,481,37315.0,79.35606060606061,1159,0.41501294219154444,0.75,-1.0,2.6,69.83,8.57,0.6,13,2,9,24
2025-02-08,Washington,WAS_01,PWHL Washington Arena,Lower Bowl,1121,85375.0,76.53495440729483,2706,0.41426459719142644,0.75,-1.0,2.6,69.83,8.57,0.6,13,2,9,24
2025-02-08,Washington,WAS_01,PWHL Washington Arena,Standing Room,114,7985.0,71.17647058823529,386,0.29533678756476683,0.75,-1.0,2.6,69.83,8.57,0.6,13,2,9,24
2025-02-08,Washington,WAS_01,PWHL Washington Arena,Suite,298,21935.0,70.29411764705883,773,0.3855109961190168,0.75,-1.0,2.6,69.83,8.57,0.6,13,2,9,24
2025-02-08,Washington,WAS_01,PWHL Washington Arena,Upper Bowl,1186,89430.0,74.40298507462687,2706,0.43828529194382854,0.75,-1.0,2.6,69.83,8.57,0.6,13,2,9,24
2025-02-13,Boston,BOS_01,PWHL Boston Arena,Club,1069,83070.0,76.97160883280758,1146,0.9328097731239092,1.91,-1.0,3.7,88.46,16.92,9.6,22,15,3,24
2025-02-13,Boston,BOS_01,PWHL Boston Arena,Lower Bowl,2564,197440.0,77.21311475409836,2675,0.9585046728971962,1.91,-1.0,3.7,88.46,16.92,9.6,22,15,3,24
2025-02-13,Boston,BOS_01,PWHL Boston Arena,Standing Room,321,23565.0,72.61111111111111,382,0.8403141361256544,1.91,-1.0,3.7,88.46,16.92,9.6,22,15,3,24
2025-02-13,Boston,BOS_01,PWHL Boston Arena,Suite,712,52590.0,74.17061611374407,764,0.9319371727748691,1.91,-1.0,3.7,88.46,16.92,9.6,22,15,3,24
2025-02-13,Boston,BOS_01,PWHL Boston Arena,Upper Bowl,2773,209885.0,76.01307189542484,2675,1.0366355140186916,1.91,-1.0,3.7,88.46,16.92,9.6,22,15,3,24
2025-02-13,Chicago,CHI_01,PWHL Chicago Arena,Club,1069,83070.0,76.97160883280758,1146,0.9328097731239092,-10.05,-15.5,-3.2,77.12,16.81,0.7,24,7,24,24
2025-02-13,Chicago,CHI_01,PWHL Chicago Arena,Lower Bowl,2564,197440.0,77.21311475409836,2675,0.9585046728971962,-10.05,-15.5,-3.2,77.12,16.81,0.7,24,7,24,24
2025-02-13,Chicago,CHI_01,PWHL Chicago Arena,Standing Room,321,23565.0,72.61111111111111,382,0.8403141361256544,-10.05,-15.5,-3.2,77.12,16.81,0.7,24,7,24,24
2025-02-13,Chicago,CHI_01,PWHL Chicago Arena,Suite,712,52590.0,74.17061611374407,764,0.9319371727748691,-10.05,-15.5,-3.2,77.12,16.81,0.7,24,7,24,24
2025-02-13,Chicago,CHI_01,PWHL Chicago Arena,Upper Bowl,2773,209885.0,76.01307189542484,2675,1.0366355140186916,-10.05,-15.5,-3.2,77.12,16.81,0.7,24,7,24,24
2025-02-13,Minneapolis,MSP_01,PWHL Minnesota Arena,Club,1069,83070.0,76.97160883280758,1146,0.9328097731239092,-20.7,-24.9,-17.5,72.29,9.03,0.0,17,0,24,24
2025-02-13,Minneapolis,MSP_01,PWHL Minnesota Arena,Lower Bowl,2564,197440.0,77.21311475409836,2675,0.9585046728971962,-20.7,-24.9,-17.5,72.29,9.03,0.0,17,0,24,24
2025-02-13,Minneapolis,MSP_01,PWHL Minnesota Arena,Standing Room,321,23565.0,72.61111111111111,382,0.8403141361256544,-20.7,-24.9,-17.5,72.29,9.03,0.0,17,0,24,24
2025-02-13,Minneapolis,MSP_01,PWHL Minnesota Arena,Suite,712,52590.0,74.17061611374407,764,0.9319371727748691,-20.7,-24.9,-17.5,72.29,9.03,0.0,17,0,24,24
2025-02-13,Minneapolis,MSP_01,PWHL Minnesota Arena,Upper Bowl,2773,209885.0,76.01307189542484,2675,1.0366355140186916,-20.7,-24.9,-17.5,72.29,9.03,0.0,17,0,24,24
2025-02-13,Montreal,MTL_01,PWHL Montreal Arena,Club,1069,83070.0,76.97160883280758,1146,0.9328097731239092,-5.88,-13.2,1.8,84.21,20.01,20.6,24,18,20,24
2025-02-13,Montreal,MTL_01,PWHL Montreal Arena,Lower Bowl,2564,197440.0,77.21311475409836,2675,0.9585046728971962,-5.88,-13.2,1.8,84.21,20.01,20.6,24,18,20,24
2025-02-13,Montreal,MTL_01,PWHL Montreal Arena,Standing Room,321,23565.0,72.61111111111111,382,0.8403141361256544,-5.88,-13.2,1.8,84.21,20.01,20.6,24,18,20,24
2025-02-13,Montreal,MTL_01,PWHL Montreal Arena,Suite,712,52590.0,74.17061611374407,764,0.9319371727748691,-5.88,-13.2,1.8,84.21,20.01,20.6,24,18,20,24
2025-02-13,Montreal,MTL_01,PWHL Montreal Arena,Upper Bowl,2773,209885.0,76.01307189542484,2675,1.0366355140186916,-5.88,-13.2,1.8,84.21,20.01,20.6,24,18,20,24
2025-02-13,New York,NYC_01,PWHL New York Arena,Club,1069,83070.0,76.97160883280758,1146,0.9328097731239092,3.26,0.6,7.1,87.58,11.72,6.4,18,11,0,24
2025-02-13,New York,NYC_01,PWHL New York Arena,Lower Bowl,2564,197440.0,77.21311475409836,2675,0.9585046728971962,3.26,0.6,7.1,87.58,11.72,6.4,18,11,0,24
2025-02-13,New York,NYC_01,PWHL New York Arena,Standing Room,321,23565.0,72.61111111111111,382,0.8403141361256544,3.26,0.6,7.1,87.58,11.72,6.4,18,11,0,24
2025-02-13,New York,NYC_01,PWHL New York Arena,Suite,712,52590.0,74.17061611374407,764,0.9319371727748691,3.26,0.6,7.1,87.58,11.72,6.4,18,11,0,24
2025-02-13,New York,NYC_01,PWHL New York Arena,Upper Bowl,2773,209885.0,76.01307189542484,2675,1.0366355140186916,3.26,0.6,7.1,87.58,11.72,6.4,18,11,0,24
2025-02-13,Ottawa,OTT_01,PWHL Ottawa Arena,Club,1069,83070.0,76.97160883280758,1146,0.9328097731239092,-7.87,-12.4,-3.4,81.21,19.81,18.1,22,16,24,24
2025-02-13,Ottawa,OTT_01,PWHL Ottawa Arena,Lower Bowl,2564,197440.0,77.21311475409836,2675,0.9585046728971962,-7.87,-12.4,-3.4,81.21,19.81,18.1,22,16,24,24
2025-02-13,Ottawa,OTT_01,PWHL Ottawa Arena,Standing Room,321,23565.0,72.61111111111111,382,0.8403141361256544,-7.87,-12.4,-3.4,81.21,19.81,18.1,22,16,24,24
2025-02-13,Ottawa,OTT_01,PWHL Ottawa Arena,Suite,712,52590.0,74.17061611374407,764,0.9319371727748691,-7.87,-12.4,-3.4,81.21,19.81,18.1,22,16,24,24
2025-02-13,Ottawa,OTT_01,PWHL Ottawa Arena,Upper Bowl,2773,209885.0,76.01307189542484,2675,1.0366355140186916,-7.87,-12.4,-3.4,81.21,19.81,18.1,22,16,24,24
2025-02-13,Toronto,TOR_01,PWHL Toronto Arena,Club,1069,83070.0,76.97160883280758,1146,0.9328097731239092,-2.97,-6.2,1.3,83.92,16.44,10.4,24,9,18,24
2025-02-13,Toronto,TOR_01,PWHL Toronto Arena,Lower Bowl,2564,197440.0,77.21311475409836,2675,0.9585046728971962,-2.97,-6.2,1.3,83.92,16.44,10.4,24,9,18,24
2025-02-13,Toronto,TOR_01,PWHL Toronto Arena,Standing Room,321,23565.0,72.61111111111111,382,0.8403141361256544,-2.97,-6.2,1.3,83.92,16.44,10.4,24,9,18,24
2025-02-13,Toronto,TOR_01,PWHL Toronto Arena,Suite,712,52590.0,74.17061611374407,764,0.9319371727748691,-2.97,-6.2,1.3,83.92,16.44,10.4,24,9,18,24
2025-02-13,Toronto,TOR_01,PWHL Toronto Arena,Upper Bowl,2773,209885.0,76.01307189542484,2675,1.0366355140186916,-2.97,-6.2,1.3,83.92,16.44,10.4,24,9,18,24
2025-02-13,Washington,WAS_01,PWHL Washington Arena,Club,1069,83070.0,76.97160883280758,1146,0.9328097731239092,3.48,1.2,9.3,82.54,12.51,11.9,15,8,0,24
2025-02-13,Washington,WAS_01,PWHL Washington Arena,Lower Bowl,2564,197440.0,77.21311475409836,2675,0.9585046728971962,3.48,1.2,9.3,82.54,12.51,11.9,15,8,0,24
2025-02-13,Washington,WAS_01,PWHL Washington Arena,Standing Room,321,23565.0,72.61111111111111,382,0.8403141361256544,3.48,1.2,9.3,82.54,12.51,11.9,15,8,0,24
2025-02-13,Washington,WAS_01,PWHL Washington Arena,Suite,712,52590.0,74.17061611374407,764,0.9319371727748691,3.48,1.2,9.3,82.54,12.51,11.9,15,8,0,24
2025-02-13,Washington,WAS_01,PWHL Washington Arena,Upper Bowl,2773,209885.0,76.01307189542484,2675,1.0366355140186916,3.48,1.2,9.3,82.54,12.51,11.9,15,8,0,24
2025-02-18,Boston,BOS_01,PWHL Boston Arena,Club,578,44920.0,75.73529411764706,1229,0.47030105777054515,-8.52,-11.1,-6.4,61.54,23.6,0.0,24,0,24,24
2025-02-18,Boston,BOS_01,PWHL Boston Arena,Lower Bowl,1235,92465.0,74.76388888888889,2868,0.4306136680613668,-8.52,-11.1,-6.4,61.54,23.6,0.0,24,0,24,24
2025-02-18,Boston,BOS_01,PWHL Boston Arena,Standing Room,177,13395.0,77.16666666666667,409,0.43276283618581907,-8.52,-11.1,-6.4,61.54,23.6,0.0,24,0,24,24
2025-02-18,Boston,BOS_01,PWHL Boston Arena,Suite,450,34435.0,74.49612403100775,819,0.5494505494505495,-8.52,-11.1,-6.4,61.54,23.6,0.0,24,0,24,24
2025-02-18,Boston,BOS_01,PWHL Boston Arena,Upper Bowl,1460,112475.0,77.84482758620689,2868,0.5090655509065551,-8.52,-11.1,-6.4,61.54,23.6,0.0,24,0,24,24
2025-02-18,Chicago,CHI_01,PWHL Chicago Arena,Club,578,44920.0,75.73529411764706,1229,0.47030105777054515,-18.18,-22.3,-14.7,64.29,12.89,0.0,24,0,24,24
2025-02-18,Chicago,CHI_01,PWHL Chicago Arena,Lower Bowl,1235,92465.0,74.76388888888889,2868,0.4306136680613668,-18.18,-22.3,-14.7,64.29,12.89,0.0,24,0,24,24
2025-02-18,Chicago,CHI_01,PWHL Chicago Arena,Standing Room,177,13395.0,77.16666666666667,409,0.43276283618581907,-18.18,-22.3,-14.7,64.29,12.89,0.0,24,0,24,24
2025-02-18,Chicago,CHI_01,PWHL Chicago Arena,Suite,450,34435.0,74.49612403100775,819,0.5494505494505495,-18.18,-22.3,-14.7,64.29,12.89,0.0,24,0,24,24
2025-02-18,Chicago,CHI_01,PWHL Chicago Arena,Upper Bowl,1460,112475.0,77.84482758620689,2868,0.5090655509065551,-18.18,-22.3,-14.7,64.29,12.89,0.0,24,0,24,24
2025-02-18,Minneapolis,MSP_01,PWHL Minnesota Arena,Club,578,44920.0,75.73529411764706,1229,0.47030105777054515,-23.36,-27.4,-19.2,69.17,11.29,0.0,24,0,24,24
2025-02-18,Minneapolis,MSP_01,PWHL Minnesota Arena,Lower Bowl,1235,92465.0,74.76388888888889,2868,0.4306136680613668,-23.36,-27.4,-19.2,69.17,11.29,0.0,24,0,24,24
2025-02-18,Minneapolis,MSP_01,PWHL Minnesota Arena,Standing Room,177,13395.0,77.16666666666667,409,0.43276283618581907,-23.36,-27.4,-19.2,69.17,11.29,0.0,24,0,24,24
2025-02-18,Minneapolis,MSP_01,PWHL Minnesota Arena,Suite,450,34435.0,74.49612403100775,819,0.5494505494505495,-23.36,-27.4,-19.2,69.17,11.29,0.0,24,0,24,24
2025-02-18,Minneapolis,MSP_01,PWHL Minnesota Arena,Upper Bowl,1460,112475.0,77.84482758620689,2868,0.5090655509065551,-23.36,-27.4,-19.2,69.17,11.29,0.0,24,0,24,24
2025-02-18,Montreal,MTL_01,PWHL Montreal Arena,Club,578,44920.0,75.73529411764706,1229,0.47030105777054515,-15.3,-17.1,-13.4,66.25,19.8,0.1,24,1,24,24
2025-02-18,Montreal,MTL_01,PWHL Montreal Arena,Lower Bowl,1235,92465.0,74.76388888888889,2868,0.4306136680613668,-15.3,-17.1,-13.4,66.25,19.8,0.1,24,1,24,24
2025-02-18,Montreal,MTL_01,PWHL Montreal Arena,Standing Room,177,13395.0,77.16666666666667,409,0.43276283618581907,-15.3,-17.1,-13.4,66.25,19.8,0.1,24,1,24,24
2025-02-18,Montreal,MTL_01,PWHL Montreal Arena,Suite,450,34435.0,74.49612403100775,819,0.5494505494505495,-15.3,-17.1,-13.4,66.25,19.8,0.1,24,1,24,24
2025-02-18,Montreal,MTL_01,PWHL Montreal Arena,Upper Bowl,1460,112475.0,77.84482758620689,2868,0.5090655509065551,-15.3,-17.1,-13.4,66.25,19.8,0.1,24,1,24,24
2025-02-18,New York,NYC_01,PWHL New York Arena,Club,578,44920.0,75.73529411764706,1229,0.47030105777054515,-5.55,-8.5,-3.1,35.08,16.53,0.0,24,0,24,24
2025-02-18,New York,NYC_01,PWHL New York Arena,Lower Bowl,1235,92465.0,74.76388888888889,2868,0.4306136680613668,-5.55,-8.5,-3.1,35.08,16.53,0.0,24,0,24,24
2025-02-18,New York,NYC_01,PWHL New York Arena,Standing Room,177,13395.0,77.16666666666667,409,0.43276283618581907,-5.55,-8.5,-3.1,35.08,16.53,0.0,24,0,24,24
2025-02-18,New York,NYC_01,PWHL New York Arena,Suite,450,34435.0,74.49612403100775,819,0.5494505494505495,-5.55,-8.5,-3.1,35.08,16.53,0.0,24,0,24,24
2025-02-18,New York,NYC_01,PWHL New York Arena,Upper Bowl,1460,112475.0,77.84482758620689,2868,0.5090655509065551,-5.55,-8.5,-3.1,35.08,16.53,0.0,24,0,24,24
2025-02-18,Ottawa,OTT_01,PWHL Ottawa Arena,Club,578,44920.0,75.73529411764706,1229,0.47030105777054515,-15.58,-18.2,-14.0,63.67,18.74,0.0,24,0,24,24
2025-02-18,Ottawa,OTT_01,PWHL Ottawa Arena,Lower Bowl,1235,92465.0,74.76388888888889,2868,0.4306136680613668,-15.58,-18.2,-14.0,63.67,18.74,0.0,24,0,24,24
2025-02-18,Ottawa,OTT_01,PWHL Ottawa Arena,Standing Room,177,13395.0,77.16666666666667,409,0.43276283618581907,-15.58,-18.2,-14.0,63.67,18.74,0.0,24,0,24,24
2025-02-18,Ottawa,OTT_01,PWHL Ottawa Arena,Suite,450,34435.0,74.49612403100775,819,0.5494505494505495,-15.58,-18.2,-14.0,63.67,18.74,0.0,24,0,24,24
2025-02-18,Ottawa,OTT_01,PWHL Ottawa Arena,Upper Bowl,1460,112475.0,77.84482758620689,2868,0.5090655509065551,-15.58,-18.2,-14.0,63.67,18.74,0.0,24,0,24,24
2025-02-18,Toronto,TOR_01,PWHL Toronto Arena,Club,578,44920.0,75.73529411764706,1229,0.47030105777054515,-10.35,-12.2,-8.8,69.0,23.1,0.6,24,6,24,24
2025-02-18,Toronto,TOR_01,PWHL Toronto Arena,Lower Bowl,1235,92465.0,74.76388888888889,2868,0.4306136680613668,-10.35,-12.2,-8.8,69.0,23.1,0.6,24,6,24,24
2025-02-18,Toronto,TOR_01,PWHL Toronto Arena,Standing Room,177,13395.0,77.16666666666667,409,0.43276283618581907,-10.35,-12.2,-8.8,69.0,23.1,0.6,24,6,24,24
2025-02-18,Toronto,TOR_01,PWHL Toronto Arena,Suite,450,34435.0,74.49612403100775,819,0.5494505494505495,-10.35,-12.2,-8.8,69.0,23.1,0.6,24,6,24,24
2025-02-18,Toronto,TOR_01,PWHL Toronto Arena,Upper Bowl,1460,112475.0,77.84482758620689,2868,0.5090655509065551,-10.35,-12.2,-8.8,69.0,23.1,0.6,24,6,24,24
2025-02-18,Washington,WAS_01,PWHL Washington Arena,Club,578,44920.0,75.73529411764706,1229,0.47030105777054515,-3.22,-5.7,-0.6,41.08,15.24,0.0,24,0,24,24
2025-02-18,Washington,WAS_01,PWHL Washington Arena,Lower Bowl,1235,92465.0,74.76388888888889,2868,0.4306136680613668,-3.22,-5.7,-0.6,41.08,15.24,0.0,24,0,24,24
2025-02-18,Washington,WAS_01,PWHL Washington Arena,Standing Room,177,13395.0,77.16666666666667,409,0.43276283618581907,-3.22,-5.7,-0.6,41.08,15.24,0.0,24,0,24,24
2025-02-18,Washington,WAS_01,PWHL Washington Arena,Suite,450,34435.0,74.49612403100775,819,0.5494505494505495,-3.22,-5.7,-0.6,41.08,15.24,0.0,24,0,24,24
2025-02-18,Washington,WAS_01,PWHL Washington Arena,Upper Bowl,1460,112475.0,77.84482758620689,2868,0.5090655509065551,-3.22,-5.7,-0.6,41.08,15.24,0.0,24,0,24,24
2025-02-21,Boston,BOS_01,PWHL Boston Arena,Club,784,59750.0,77.56637168141593,1165,0.672961373390558,-5.2,-7.4,-2.0,66.62,19.49,0.0,24,0,24,24
2025-02-21,Boston,BOS_01,PWHL Boston Arena,Lower Bowl,1786,143550.0,79.39879759519039,2718,0.6571008094186902,-5.2,-7.4,-2.0,66.62,19.49,0.0,24,0,24,24
2025-02-21,Boston,BOS_01,PWHL Boston Arena,Standing Room,241,17650.0,78.02816901408451,388,0.6211340206185567,-5.2,-7.4,-2.0,66.62,19.49,0.0,24,0,24,24
2025-02-21,Boston,BOS_01,PWHL Boston Arena,Suite,468,37595.0,77.9296875,776,0.6030927835051546,-5.2,-7.4,-2.0,66.62,19.49,0.0,24,0,24,24
2025-02-21,Boston,BOS_01,PWHL Boston Arena,Upper Bowl,1743,132000.0,75.71572580645162,2718,0.6412803532008831,-5.2,-7.4,-2.0,66.62,19.49,0.0,24,0,24,24
2025-02-21,Chicago,CHI_01,PWHL Chicago Arena,Club,784,59750.0,77.56637168141593,1165,0.672961373390558,-8.77,-12.9,-5.0,71.71,10.86,0.0,24,0,24,24
2025-02-21,Chicago,CHI_01,PWHL Chicago Arena,Lower Bowl,1786,143550.0,79.39879759519039,2718,0.6571008094186902,-8.77,-12.9,-5.0,71.71,10.86,0.0,24,0,24,24
2025-02-21,Chicago,CHI_01,PWHL Chicago Arena,Standing Room,241,17650.0,78.02816901408451,388,0.6211340206185567,-8.77,-12.9,-5.0,71.71,10.86,0.0,24,0,24,24
2025-02-21,Chicago,CHI_01,PWHL Chicago Arena,Suite,468,37595.0,77.9296875,776,0.6030927835051546,-8.77,-12.9,-5.0,71.71,10.86,0.0,24,0,24,24
2025-02-21,Chicago,CHI_01,PWHL Chicago Arena,Upper Bowl,1743,132000.0,75.71572580645162,2718,0.6412803532008831,-8.77,-12.9,-5.0,71.71,10.86,0.0,24,0,24,24
2025-02-21,Minneapolis,MSP_01,PWHL Minnesota Arena,Club,784,59750.0,77.56637168141593,1165,0.672961373390558,-12.99,-18.8,-7.6,71.67,12.66,0.0,18,0,24,24
2025-02-21,Minneapolis,MSP_01,PWHL Minnesota Arena,Lower Bowl,1786,143550.0,79.39879759519039,2718,0.6571008094186902,-12.99,-18.8,-7.6,71.67,12.66,0.0,18,0,24,24
2025-02-21,Minneapolis,MSP_01,PWHL Minnesota Arena,Standing Room,241,17650.0,78.02816901408451,388,0.6211340206185567,-12.99,-18.8,-7.6,71.67,12.66,0.0,18,0,24,24
2025-02-21,Minneapolis,MSP_01,PWHL Minnesota Arena,Suite,468,37595.0,77.9296875,776,0.6030927835051546,-12.99,-18.8,-7.6,71.67,12.66,0.0,18,0,24,24
2025-02-21,Minneapolis,MSP_01,PWHL Minnesota Arena,Upper Bowl,1743,132000.0,75.71572580645162,2718,0.6412803532008831,-12.99,-18.8,-7.6,71.67,12.66,0.0,18,0,24,24
2025-02-21,Montreal,MTL_01,PWHL Montreal Arena,Club,784,59750.0,77.56637168141593,1165,0.672961373390558,-10.41,-12.8,-8.2,73.62,13.57,0.0,24,0,24,24
2025-02-21,Montreal,MTL_01,PWHL Montreal Arena,Lower Bowl,1786,143550.0,79.39879759519039,2718,0.6571008094186902,-10.41,-12.8,-8.2,73.62,13.57,0.0,24,0,24,24
2025-02-21,Montreal,MTL_01,PWHL Montreal Arena,Standing Room,241,17650.0,78.02816901408451,388,0.6211340206185567,-10.41,-12.8,-8.2,73.62,13.57,0.0,24,0,24,24
2025-02-21,Montreal,MTL_01,PWHL Montreal Arena,Suite,468,37595.0,77.9296875,776,0.6030927835051546,-10.41,-12.8,-8.2,73.62,13.57,0.0,24,0,24,24
2025-02-21,Montreal,MTL_01,PWHL Montreal Arena,Upper Bowl,1743,132000.0,75.71572580645162,2718,0.6412803532008831,-10.41,-12.8,-8.2,73.62,13.57,0.0,24,0,24,24
2025-02-21,New York,NYC_01,PWHL New York Arena,Club,784,59750.0,77.56637168141593,1165,0.672961373390558,-4.08,-6.5,-0.4,54.75,17.25,0.0,24,0,24,24
2025-02-21,New York,NYC_01,PWHL New York Arena,Lower Bowl,1786,143550.0,79.39879759519039,2718,0.6571008094186902,-4.08,-6.5,-0.4,54.75,17.25,0.0,24,0,24,24
2025-02-21,New York,NYC_01,PWHL New York Arena,Standing Room,241,17650.0,78.02816901408451,388,0.6211340206185567,-4.08,-6.5,-0.4,54.75,17.25,0.0,24,0,24,24
2025-02-21,New York,NYC_01,PWHL New York Arena,Suite,468,37595.0,77.9296875,776,0.6030927835051546,-4.08,-6.5,-0.4,54.75,17.25,0.0,24,0,24,24
2025-02-21,New York,NYC_01,PWHL New York Arena,Upper Bowl,1743,132000.0,75.71572580645162,2718,0.6412803532008831,-4.08,-6.5,-0.4,54.75,17.25,0.0,24,0,24,24
2025-02-21,Ottawa,OTT_01,PWHL Ottawa Arena,Club,784,59750.0,77.56637168141593,1165,0.672961373390558,-11.14,-15.6,-5.0,68.04,12.98,0.0,22,0,24,24
2025-02-21,Ottawa,OTT_01,PWHL Ottawa Arena,Lower Bowl,1786,143550.0,79.39879759519039,2718,0.6571008094186902,-11.14,-15.6,-5.0,68.04,12.98,0.0,22,0,24,24
2025-02-21,Ottawa,OTT_01,PWHL Ottawa Arena,Standing Room,241,17650.0,78.02816901408451,388,0.6211340206185567,-11.14,-15.6,-5.0,68.04,12.98,0.0,22,0,24,24
2025-02-21,Ottawa,OTT_01,PWHL Ottawa Arena,Suite,468,37595.0,77.9296875,776,0.6030927835051546,-11.14,-15.6,-5.0,68.04,12.98,0.0,22,0,24,24
2025-02-21,Ottawa,OTT_01,PWHL Ottawa Arena,Upper Bowl,1743,132000.0,75.71572580645162,2718,0.6412803532008831,-11.14,-15.6,-5.0,68.04,12.98,0.0,22,0,24,24
2025-02-21,Toronto,TOR_01,PWHL Toronto Arena,Club,784,59750.0,77.56637168141593,1165,0.672961373390558,-9.1,-10.9,-6.5,72.92,11.86,0.0,23,0,24,24
2025-02-21,Toronto,TOR_01,PWHL Toronto Arena,Lower Bowl,1786,143550.0,79.39879759519039,2718,0.6571008094186902,-9.1,-10.9,-6.5,72.92,11.86,0.0,23,0,24,24
2025-02-21,Toronto,TOR_01,PWHL Toronto Arena,Standing Room,241,17650.0,78.02816901408451,388,0.6211340206185567,-9.1,-10.9,-6.5,72.92,11.86,0.0,23,0,24,24
2025-02-21,Toronto,TOR_01,PWHL Toronto Arena,Suite,468,37595.0,77.9296875,776,0.6030927835051546,-9.1,-10.9,-6.5,72.92,11.86,0.0,23,0,24,24
2025-02-21,Toronto,TOR_01,PWHL Toronto Arena,Upper Bowl,1743,132000.0,75.71572580645162,2718,0.6412803532008831,-9.1,-10.9,-6.5,72.92,11.86,0.0,23,0,24,24
2025-02-21,Washington,WAS_01,PWHL Washington Arena,Club,784,59750.0,77.56637168141593,1165,0.672961373390558,-2.37,-5.5,1.2,50.67,20.79,0.0,24,0,18,24
2025-02-21,Washington,WAS_01,PWHL Washington Arena,Lower Bowl,1786,143550.0,79.39879759519039,2718,0.6571008094186902,-2.37,-5.5,1.2,50.67,20.79,0.0,24,0,18,24
2025-02-21,Washington,WAS_01,PWHL Washington Arena,Standing Room,241,17650.0,78.02816901408451,388,0.6211340206185567,-2.37,-5.5,1.2,50.67,20.79,0.0,24,0,18,24
2025-02-21,Washington,WAS_01,PWHL Washington Arena,Suite,468,37595.0,77.9296875,776,0.6030927835051546,-2.37,-5.5,1.2,50.67,20.79,0.0,24,0,18,24
2025-02-21,Washington,WAS_01,PWHL Washington Arena,Upper Bowl,1743,132000.0,75.71572580645162,2718,0.6412803532008831,-2.37,-5.5,1.2,50.67,20.79,0.0,24,0,18,24
2025-02-24,Boston,BOS_01,PWHL Boston Arena,Club,696,48350.0,68.57142857142857,1219,0.5709598031173093,0.44,-7.4,5.6,74.62,10.39,0.0,11,0,9,24
2025-02-24,Boston,BOS_01,PWHL Boston Arena,Lower Bowl,1768,130660.0,74.30161943319838,2844,0.6216596343178622,0.44,-7.4,5.6,74.62,10.39,0.0,11,0,9,24
2025-02-24,Boston,BOS_01,PWHL Boston Arena,Standing Room,329,26365.0,78.4375,406,0.8103448275862069,0.44,-7.4,5.6,74.62,10.39,0.0,11,0,9,24
2025-02-24,Boston,BOS_01,PWHL Boston Arena,Suite,541,38310.0,71.60958904109589,812,0.666256157635468,0.44,-7.4,5.6,74.62,10.39,0.0,11,0,9,24
2025-02-24,Boston,BOS_01,PWHL Boston Arena,Upper Bowl,1788,136445.0,75.9744094488189,2844,0.6286919831223629,0.44,-7.4,5.6,74.62,10.39,0.0,11,0,9,24
2025-02-24,Chicago,CHI_01,PWHL Chicago Arena,Club,696,48350.0,68.57142857142857,1219,0.5709598031173093,6.34,2.5,11.1,71.04,16.4,0.4,22,4,0,24
2025-02-24,Chicago,CHI_01,PWHL Chicago Arena,Lower Bowl,1768,130660.0,74.30161943319838,2844,0.6216596343178622,6.34,2.5,11.1,71.04,16.4,0.4,22,4,0,24
2025-02-24,Chicago,CHI_01,PWHL Chicago Arena,Standing Room,329,26365.0,78.4375,406,0.8103448275862069,6.34,2.5,11.1,71.04,16.4,0.4,22,4,0,24
2025-02-24,Chicago,CHI_01,PWHL Chicago Arena,Suite,541,38310.0,71.60958904109589,812,0.666256157635468,6.34,2.5,11.1,71.04,16.4,0.4,22,4,0,24
2025-02-24,Chicago,CHI_01,PWHL Chicago Arena,Upper Bowl,1788,136445.0,75.9744094488189,2844,0.6286919831223629,6.34,2.5,11.1,71.04,16.4,0.4,22,4,0,24
2025-02-24,Minneapolis,MSP_01,PWHL Minnesota Arena,Club,696,48350.0,68.57142857142857,1219,0.5709598031173093,6.38,3.1,11.1,71.96,15.04,0.0,24,0,0,24
2025-02-24,Minneapolis,MSP_01,PWHL Minnesota Arena,Lower Bowl,1768,130660.0,74.30161943319838,2844,0.6216596343178622,6.38,3.1,11.1,71.96,15.04,0.0,24,0,0,24
2025-02-24,Minneapolis,MSP_01,PWHL Minnesota Arena,Standing Room,329,26365.0,78.4375,406,0.8103448275862069,6.38,3.1,11.1,71.96,15.04,0.0,24,0,0,24
2025-02-24,Minneapolis,MSP_01,PWHL Minnesota Arena,Suite,541,38310.0,71.60958904109589,812,0.666256157635468,6.38,3.1,11.1,71.96,15.04,0.0,24,0,0,24
2025-02-24,Minneapolis,MSP_01,PWHL Minnesota Arena,Upper Bowl,1788,136445.0,75.9744094488189,2844,0.6286919831223629,6.38,3.1,11.1,71.96,15.04,0.0,24,0,0,24
2025-02-24,Montreal,MTL_01,PWHL Montreal Arena,Club,696,48350.0,68.57142857142857,1219,0.5709598031173093,-1.24,-7.3,4.4,79.83,13.96,1.8,16,6,12,24
2025-02-24,Montreal,MTL_01,PWHL Montreal Arena,Lower Bowl,1768,130660.0,74.30161943319838,2844,0.6216596343178622,-1.24,-7.3,4.4,79.83,13.96,1.8,16,6,12,24
2025-02-24,Montreal,MTL_01,PWHL Montreal Arena,Standing Room,329,26365.0,78.4375,406,0.8103448275862069,-1.24,-7.3,4.4,79.83,13.96,1.8,16,6,12,24
2025-02-24,Montreal,MTL_01,PWHL Montreal Arena,Suite,541,38310.0,71.60958904109589,812,0.666256157635468,-1.24,-7.3,4.4,79.83,13.96,1.8,16,6,12,24
2025-02-24,Montreal,MTL_01,PWHL Montreal Arena,Upper Bowl,1788,136445.0,75.9744094488189,2844,0.6286919831223629,-1.24,-7.3,4.4,79.83,13.96,1.8,16,6,12,24
2025-02-24,New York,NYC_01,PWHL New York Arena,Club,696,48350.0,68.57142857142857,1219,0.5709598031173093,3.46,-1.9,8.2,66.67,9.25,0.0,13,0,6,24
2025-02-24,New York,NYC_01,PWHL New York Arena,Lower Bowl,1768,130660.0,74.30161943319838,2844,0.6216596343178622,3.46,-1.9,8.2,66.67,9.25,0.0,13,0,6,24
2025-02-24,New York,NYC_01,PWHL New York Arena,Standing Room,329,26365.0,78.4375,406,0.8103448275862069,3.46,-1.9,8.2,66.67,9.25,0.0,13,0,6,24
2025-02-24,New York,NYC_01,PWHL New York Arena,Suite,541,38310.0,71.60958904109589,812,0.666256157635468,3.46,-1.9,8.2,66.67,9.25,0.0,13,0,6,24
2025-02-24,New York,NYC_01,PWHL New York Arena,Upper Bowl,1788,136445.0,75.9744094488189,2844,0.6286919831223629,3.46,-1.9,8.2,66.67,9.25,0.0,13,0,6,24
2025-02-24,Ottawa,OTT_01,PWHL Ottawa Arena,Club,696,48350.0,68.57142857142857,1219,0.5709598031173093,0.1,-5.2,4.3,79.96,15.69,3.6,18,4,10,24
2025-02-24,Ottawa,OTT_01,PWHL Ottawa Arena,Lower Bowl,1768,130660.0,74.30161943319838,2844,0.6216596343178622,0.1,-5.2,4.3,79.96,15.69,3.6,18,4,10,24
2025-02-24,Ottawa,OTT_01,PWHL Ottawa Arena,Standing Room,329,26365.0,78.4375,406,0.8103448275862069,0.1,-5.2,4.3,79.96,15.69,3.6,18,4,10,24
2025-02-24,Ottawa,OTT_01,PWHL Ottawa Arena,Suite,541,38310.0,71.60958904109589,812,0.666256157635468,0.1,-5.2,4.3,79.96,15.69,3.6,18,4,10,24
2025-02-24,Ottawa,OTT_01,PWHL Ottawa Arena,Upper Bowl,1788,136445.0,75.9744094488189,2844,0.6286919831223629,0.1,-5.2,4.3,79.96,15.69,3.6,18,4,10,24
2025-02-24,Toronto,TOR_01,PWHL Toronto Arena,Club,696,48350.0,68.57142857142857,1219,0.5709598031173093,1.3,-3.1,4.3,79.25,19.86,0.0,24,0,8,24
2025-02-24,Toronto,TOR_01,PWHL Toronto Arena,Lower Bowl,1768,130660.0,74.30161943319838,2844,0.6216596343178622,1.3,-3.1,4.3,79.25,19.86,0.0,24,0,8,24
2025-02-24,Toronto,TOR_01,PWHL Toronto Arena,Standing Room,329,26365.0,78.4375,406,0.8103448275862069,1.3,-3.1,4.3,79.25,19.86,0.0,24,0,8,24
2025-02-24,Toronto,TOR_01,PWHL Toronto Arena,Suite,541,38310.0,71.60958904109589,812,0.666256157635468,1.3,-3.1,4.3,79.25,19.86,0.0,24,0,8,24
2025-02-24,Toronto,TOR_01,PWHL Toronto Arena,Upper Bowl,1788,136445.0,75.9744094488189,2844,0.6286919831223629,1.3,-3.1,4.3,79.25,19.86,0.0,24,0,8,24
2025-02-24,Washington,WAS_01,PWHL Washington Arena,Club,696,48350.0,68.57142857142857,1219,0.5709598031173093,5.44,-1.3,11.8,59.38,6.61,0.0,11,0,4,24
2025-02-24,Washington,WAS_01,PWHL Washington Arena,Lower Bowl,1768,130660.0,74.30161943319838,2844,0.6216596343178622,5.44,-1.3,11.8,59.38,6.61,0.0,11,0,4,24
2025-02-24,Washington,WAS_01,PWHL Washington Arena,Standing Room,329,26365.0,78.4375,406,0.8103448275862069,5.44,-1.3,11.8,59.38,6.61,0.0,11,0,4,24
2025-02-24,Washington,WAS_01,PWHL Washington Arena,Suite,541,38310.0,71.60958904109589,812,0.666256157635468,5.44,-1.3,11.8,59.38,6.61,0.0,11,0,4,24
2025-02-24,Washington,WAS_01,PWHL Washington Arena,Upper Bowl,1788,136445.0,75.9744094488189,2844,0.6286919831223629,5.44,-1.3,11.8,59.38,6.61,0.0,11,0,4,24
2025-02-28,Boston,BOS_01,PWHL Boston Arena,Club,1104,81240.0,74.62382445141066,1193,0.9253981559094719,3.19,0.7,6.8,63.54,14.72,0.0,18,0,0,24
2025-02-28,Boston,BOS_01,PWHL Boston Arena,Lower Bowl,2578,200325.0,77.17861975642761,2783,0.9263384836507366,3.19,0.7,6.8,63.54,14.72,0.0,18,0,0,24
2025-02-28,Boston,BOS_01,PWHL Boston Arena,Standing Room,335,26470.0,80.6701030927835,397,0.8438287153652393,3.19,0.7,6.8,63.54,14.72,0.0,18,0,0,24
2025-02-28,Boston,BOS_01,PWHL Boston Arena,Suite,723,54465.0,75.15151515151516,795,0.909433962264151,3.19,0.7,6.8,63.54,14.72,0.0,18,0,0,24
2025-02-28,Boston,BOS_01,PWHL Boston Arena,Upper Bowl,2598,206910.0,78.92712550607287,2783,0.9335249730506647,3.19,0.7,6.8,63.54,14.72,0.0,18,0,0,24
2025-02-28,Chicago,CHI_01,PWHL Chicago Arena,Club,1104,81240.0,74.62382445141066,1193,0.9253981559094719,5.88,0.4,12.8,60.71,21.36,0.0,24,0,0,24
2025-02-28,Chicago,CHI_01,PWHL Chicago Arena,Lower Bowl,2578,200325.0,77.17861975642761,2783,0.9263384836507366,5.88,0.4,12.8,60.71,21.36,0.0,24,0,0,24
2025-02-28,Chicago,CHI_01,PWHL Chicago Arena,Standing Room,335,26470.0,80.6701030927835,397,0.8438287153652393,5.88,0.4,12.8,60.71,21.36,0.0,24,0,0,24
2025-02-28,Chicago,CHI_01,PWHL Chicago Arena,Suite,723,54465.0,75.15151515151516,795,0.909433962264151,5.88,0.4,12.8,60.71,21.36,0.0,24,0,0,24
2025-02-28,Chicago,CHI_01,PWHL Chicago Arena,Upper Bowl,2598,206910.0,78.92712550607287,2783,0.9335249730506647,5.88,0.4,12.8,60.71,21.36,0.0,24,0,0,24
2025-02-28,Minneapolis,MSP_01,PWHL Minnesota Arena,Club,1104,81240.0,74.62382445141066,1193,0.9253981559094719,2.44,-4.8,6.8,58.12,24.31,0.2,24,2,8,24
2025-02-28,Minneapolis,MSP_01,PWHL Minnesota Arena,Lower Bowl,2578,200325.0,77.17861975642761,2783,0.9263384836507366,2.44,-4.8,6.8,58.12,24.31,0.2,24,2,8,24
2025-02-28,Minneapolis,MSP_01,PWHL Minnesota Arena,Standing Room,335,26470.0,80.6701030927835,397,0.8438287153652393,2.44,-4.8,6.8,58.12,24.31,0.2,24,2,8,24
2025-02-28,Minneapolis,MSP_01,PWHL Minnesota Arena,Suite,723,54465.0,75.15151515151516,795,0.909433962264151,2.44,-4.8,6.8,58.12,24.31,0.2,24,2,8,24
2025-02-28,Minneapolis,MSP_01,PWHL Minnesota Arena,Upper Bowl,2598,206910.0,78.92712550607287,2783,0.9335249730506647,2.44,-4.8,6.8,58.12,24.31,0.2,24,2,8,24
2025-02-28,Montreal,MTL_01,PWHL Montreal Arena,Club,1104,81240.0,74.62382445141066,1193,0.9253981559094719,-7.84,-11.5,1.1,72.12,13.95,1.1,21,3,20,24
2025-02-28,Montreal,MTL_01,PWHL Montreal Arena,Lower Bowl,2578,200325.0,77.17861975642761,2783,0.9263384836507366,-7.84,-11.5,1.1,72.12,13.95,1.1,21,3,20,24
2025-02-28,Montreal,MTL_01,PWHL Montreal Arena,Standing Room,335,26470.0,80.6701030927835,397,0.8438287153652393,-7.84,-11.5,1.1,72.12,13.95,1.1,21,3,20,24
2025-02-28,Montreal,MTL_01,PWHL Montreal Arena,Suite,723,54465.0,75.15151515151516,795,0.909433962264151,-7.84,-11.5,1.1,72.12,13.95,1.1,21,3,20,24
2025-02-28,Montreal,MTL_01,PWHL Montreal Arena,Upper Bowl,2598,206910.0,78.92712550607287,2783,0.9335249730506647,-7.84,-11.5,1.1,72.12,13.95,1.1,21,3,20,24
2025-02-28,New York,NYC_01,PWHL New York Arena,Club,1104,81240.0,74.62382445141066,1193,0.9253981559094719,5.91,1.8,9.6,55.46,11.36,0.0,21,0,0,24
2025-02-28,New York,NYC_01,PWHL New York Arena,Lower Bowl,2578,200325.0,77.17861975642761,2783,0.9263384836507366,5.91,1.8,9.6,55.46,11.36,0.0,21,0,0,24
2025-02-28,New York,NYC_01,PWHL New York Arena,Standing Room,335,26470.0,80.6701030927835,397,0.8438287153652393,5.91,1.8,9.6,55.46,11.36,0.0,21,0,0,24
2025-02-28,New York,NYC_01,PWHL New York Arena,Suite,723,54465.0,75.15151515151516,795,0.909433962264151,5.91,1.8,9.6,55.46,11.36,0.0,21,0,0,24
2025-02-28,New York,NYC_01,PWHL New York Arena,Upper Bowl,2598,206910.0,78.92712550607287,2783,0.9335249730506647,5.91,1.8,9.6,55.46,11.36,0.0,21,0,0,24
2025-02-28,Ottawa,OTT_01,PWHL Ottawa Arena,Club,1104,81240.0,74.62382445141066,1193,0.9253981559094719,-9.65,-14.4,1.0,68.04,15.02,3.1,21,6,23,24
2025-02-28,Ottawa,OTT_01,PWHL Ottawa Arena,Lower Bowl,2578,200325.0,77.17861975642761,2783,0.9263384836507366,-9.65,-14.4,1.0,68.04,15.02,3.1,21,6,23,24
2025-02-28,Ottawa,OTT_01,PWHL Ottawa Arena,Standing Room,335,26470.0,80.6701030927835,397,0.8438287153652393,-9.65,-14.4,1.0,68.04,15.02,3.1,21,6,23,24
2025-02-28,Ottawa,OTT_01,PWHL Ottawa Arena,Suite,723,54465.0,75.15151515151516,795,0.909433962264151,-9.65,-14.4,1.0,68.04,15.02,3.1,21,6,23,24
2025-02-28,Ottawa,OTT_01,PWHL Ottawa Arena,Upper Bowl,2598,206910.0,78.92712550607287,2783,0.9335249730506647,-9.65,-14.4,1.0,68.04,15.02,3.1,21,6,23,24
2025-02-28,Toronto,TOR_01,PWHL Toronto Arena,Club,1104,81240.0,74.62382445141066,1193,0.9253981559094719,-0.92,-7.6,4.0,80.54,13.78,1.4,21,8,12,24
2025-02-28,Toronto,TOR_01,PWHL Toronto Arena,Lower Bowl,2578,200325.0,77.17861975642761,2783,0.9263384836507366,-0.92,-7.6,4.0,80.54,13.78,1.4,21,8,12,24
2025-02-28,Toronto,TOR_01,PWHL Toronto Arena,Standing Room,335,26470.0,80.6701030927835,397,0.8438287153652393,-0.92,-7.6,4.0,80.54,13.78,1.4,21,8,12,24
2025-02-28,Toronto,TOR_01,PWHL Toronto Arena,Suite,723,54465.0,75.15151515151516,795,0.909433962264151,-0.92,-7.6,4.0,80.54,13.78,1.4,21,8,12,24
2025-02-28,Toronto,TOR_01,PWHL Toronto Arena,Upper Bowl,2598,206910.0,78.92712550607287,2783,0.9335249730506647,-0.92,-7.6,4.0,80.54,13.78,1.4,21,8,12,24
2025-02-28,Washington,WAS_01,PWHL Washington Arena,Club,1104,81240.0,74.62382445141066,1193,0.9253981559094719,7.72,3.9,11.3,56.0,14.67,0.0,23,0,0,24
2025-02-28,Washington,WAS_01,PWHL Washington Arena,Lower Bowl,2578,200325.0,77.17861975642761,2783,0.9263384836507366,7.72,3.9,11.3,56.0,14.67,0.0,23,0,0,24
2025-02-28,Washington,WAS_01,PWHL Washington Arena,Standing Room,335,26470.0,80.6701030927835,397,0.8438287153652393,7.72,3.9,11.3,56.0,14.67,0.0,23,0,0,24
2025-02-28,Washington,WAS_01,PWHL Washington Arena,Suite,723,54465.0,75.15151515151516,795,0.909433962264151,7.72,3.9,11.3,56.0,14.67,0.0,23,0,0,24
2025-02-28,Washington,WAS_01,PWHL Washington Arena,Upper Bowl,2598,206910.0,78.92712550607287,2783,0.9335249730506647,7.72,3.9,11.3,56.0,14.67,0.0,23,0,0,24
